标准实体编号,标准实体名称,实体类型,别名集合,定义或备注,代表来源文档,代表来源页码,代表证据句,关联原始实体数,累计提及次数,最高置信度,复核状态
SE0001,BellX-5飞机,飞行器对象,,的BellX-5飞机试飞成功，标志着变体技术发展,D6_变体飞行器变形方式及气动布局设计关键技术研究进展,2,的Bell X-5 飞机试飞成功，标志着变体技术发展,1,2,0.9,已规范化
SE0002,F-111飞机,飞行器对象,,F-111飞机是变构飞行器研究中的对象或典型平台，用于承载变形方案、气动布局或控制策略分析。,待人工补充,,,1,0,0.6,已规范化
SE0003,F-14飞机,飞行器对象,,动补偿措施，如F-14飞机在机翼固定段前缘设计,D6_变体飞行器变形方式及气动布局设计关键技术研究进展,10,动补偿措施，如F-14 飞机在机翼固定段前缘设计,1,2,0.9,已规范化
SE0004,F-18飞机,飞行器对象,,航空学报629595-5装置(AdaptiveTrailingEdgeDevice，ATED)可以实现后缘的智能变弯度，有效降低了飞行油耗［15］。项目过程中开展了多次风洞试验，充分验证了前缘、后缘、…,D6_变体飞行器变形方式及气动布局设计关键技术研究进展,5,航 空 学 报 629595-5 装置(Adaptive Trailing Edge Device， ATED)可以 实现后缘的智能变弯度，有效降低了飞行油耗 ［15］。 项目过程中开展了多次风洞试验，充分验证了前 缘、后缘、翼梢变形的可行性。 2014 年，NASA 组织开展了自适应柔性后缘 (Adaptive Compliant Trailing Edge， ACTE)项 目 ［16］。在湾流飞机上安装ACTE 襟翼来实现后 缘连续,1,2,0.9,已规范化
SE0005,RQ-4A全球鹰无人机,飞行器对象,RQ-4A 全球鹰无人机,方法；在此基础上，以RQ-4A“全球鹰”无人机为例，进一步分析了单-双折,D4_单-双折叠翼变体飞行器总体设计研究_郭廷宇,33,方法；在此基础上，以RQ-4A“全球鹰”无人机为例，进一步分析了单-双折,2,6,0.95,已规范化
SE0006,X-37B轨道试验飞行器,飞行器对象,,形参考美国的X-37B轨道试验飞行器，为降低防热,D3_跨域变构飞行器变形方案设计及气动特性分析_安英韬,2,形参考美国的X-37B轨道试验飞行器，为降低防热,1,1,0.9,已规范化
SE0007,X-53试验机,飞行器对象,,AAW项目中的X-53试验机如图3,D6_变体飞行器变形方式及气动布局设计关键技术研究进展,3,AAW 项目中的X-53 试验机如图3,1,1,0.9,已规范化
SE0008,X-5飞机,飞行器对象,Bell X-5飞机,的BellX-5飞机试飞成功，标志着变体技术发展,D6_变体飞行器变形方式及气动布局设计关键技术研究进展,2,的Bell X-5 飞机试飞成功，标志着变体技术发展,1,2,0.9,已规范化
SE0009,偏转弹头导弹,飞行器对象,,偏转弹头导弹的概念最早可以追溯到1946年。,D6_变体飞行器变形方式及气动布局设计关键技术研究进展,6,偏转弹头导弹的概念最早可以追溯到1946 年。,1,5,0.95,已规范化
SE0010,全球鹰无人机,飞行器对象,,图1.1全球鹰无人机.....................................................................................2,D4_单-双折叠翼变体飞行器总体设计研究_郭廷宇,11,图1.1 全球鹰无人机 ..................................................................................... 2,1,14,0.95,已规范化
SE0011,协和号超声速客机,飞行器对象,,航空学报629595-6结构［24］等实现机翼局部或者大面积的柔性变形，进而提高变体飞行器的气动和操稳特性；另一方面通过智能控制技术［25］充分发挥变体飞行器的环境自适应特性。飞行器的柔性变形主要包括…,D6_变体飞行器变形方式及气动布局设计关键技术研究进展,6,航 空 学 报 629595-6 结构 ［24］等实现机翼局部或者大面积的柔性变形， 进而提高变体飞行器的气动和操稳特性；另一方 面通过智能控制技术 ［25］充分发挥变体飞行器的 环境自适应特性。飞行器的柔性变形主要包括 机翼连续变弯度和机翼扭转。这一阶段的变体 技术在多种气动布局形式上都有所应用，满足了 提高飞行性能的需求。 2 不同部位变体技术研究进展 飞行器不同部位的变形会带来不同的性能 增益。本节将按照变形部位分类综述飞行器头,1,1,0.9,已规范化
SE0012,单-双折叠翼变体飞行器,飞行器对象,单-双折叠翼变体飞机；单双折叠翼变体飞行器,图3.5单-双折叠翼变体飞机的典型飞行剖面.............................................29,D4_单-双折叠翼变体飞行器总体设计研究_郭廷宇,12,图 3.5 单-双折叠翼变体飞机的典型飞行剖面 ............................................. 29,3,54,0.95,已规范化
SE0013,双翼飞机,飞行器对象,,法，分析了不同设计参数的双翼飞机的气动特性，并结合现有的双翼理论，进,D4_单-双折叠翼变体飞行器总体设计研究_郭廷宇,32,法，分析了不同设计参数的双翼飞机的气动特性，并结合现有的双翼理论，进,1,7,0.95,已规范化
SE0014,变后掠乘波体构型,飞行器对象,,仰力矩系数。该变后掠乘波体构型在不同马赫,D6_变体飞行器变形方式及气动布局设计关键技术研究进展,11,仰力矩系数。该变后掠乘波体构型在不同马赫,1,2,0.9,已规范化
SE0015,变后掠机翼飞机,飞行器对象,,行包线。可变后掠机翼飞机的工程应用证实了,D6_变体飞行器变形方式及气动布局设计关键技术研究进展,2,行包线。可变后掠机翼飞机的工程应用证实了,1,2,0.9,已规范化
SE0016,变构飞行器,飞行器对象,变体飞行器；Morphing Aircraft；变形飞行器；空天变构飞行器,WEISSHAAR T. Morphing aircraft technology - new shapes for aircraft,D1_空天变构飞行技术研究现状与未来发展研判_刘思佳,5,WEISSHAAR T. Morphing aircraft technology - new shapes for aircraft,5,72,0.95,已规范化
SE0017,固定翼飞机,飞行器对象,,图2.3固定翼飞机在不同巡航升力系数和零升阻力系数下对应的气动最优展,D4_单-双折叠翼变体飞行器总体设计研究_郭廷宇,11,图 2.3 固定翼飞机在不同巡航升力系数和零升阻力系数下对应的气动最优展,1,5,0.95,已规范化
SE0018,大展弦比长航时飞行器,飞行器对象,,大展弦比长航时飞行器在飞行器发展中占有重要地位。对于亚声速飞行器来,D4_单-双折叠翼变体飞行器总体设计研究_郭廷宇,5,大展弦比长航时飞行器在飞行器发展中占有重要地位。对于亚声速飞行器来,1,13,0.95,已规范化
SE0019,大展弦比飞机,飞行器对象,,2.3.3应用变体技术的大展弦比飞机收益代价边界................................21,D4_单-双折叠翼变体飞行器总体设计研究_郭廷宇,8,2.3.3 应用变体技术的大展弦比飞机收益代价边界 ................................ 21,1,20,0.95,已规范化
SE0020,太阳能无人机,飞行器对象,,司与美国陆军联合开发的“西风”太阳能无人机等。,D4_单-双折叠翼变体飞行器总体设计研究_郭廷宇,20,司与美国陆军联合开发的“西风”太阳能无人机等。,1,6,0.95,已规范化
SE0021,宽域高超声速变构飞行器,飞行器对象,,此外，一方面，宽域高超声速变构飞行器在,D6_变体飞行器变形方式及气动布局设计关键技术研究进展,30,此外，一方面，宽域高超声速变构飞行器在,1,3,0.95,已规范化
SE0022,导弹,飞行器对象,,"杨金龙,林旭斌.德国SpaceLiner空天飞行器综述[J].飞航导弹,",D3_跨域变构飞行器变形方案设计及气动特性分析_安英韬,6,"杨金龙, 林旭斌. 德国SpaceLiner 空天飞行器综述[J]. 飞航导弹,",1,20,0.95,已规范化
SE0023,小型无人机,飞行器对象,,除了充气式伸缩机翼之外，2011年，Mestrinho等人提出了一种小型无人机,D4_单-双折叠翼变体飞行器总体设计研究_郭廷宇,27,除了充气式伸缩机翼之外，2011 年，Mestrinho 等人提出了一种小型无人机,1,2,0.9,已规范化
SE0024,巡航导弹,飞行器对象,,动性能，并且变体形式相对简单，在巡航导弹、飞,D6_变体飞行器变形方式及气动布局设计关键技术研究进展,12,动性能，并且变体形式相对简单，在巡航导弹、飞,1,2,0.9,已规范化
SE0025,常规布局飞行器,飞行器对象,,维折叠机翼常规布局飞行器，建立了一种多任务,D6_变体飞行器变形方式及气动布局设计关键技术研究进展,32,维折叠机翼常规布局飞行器，建立了一种多任务,1,2,0.9,已规范化
SE0026,无尾布局飞行器,飞行器对象,,式无尾布局飞行器上，兼顾隐身、横航向操纵、高,D6_变体飞行器变形方式及气动布局设计关键技术研究进展,14,式无尾布局飞行器上，兼顾隐身、横航向操纵、高,1,1,0.9,已规范化
SE0027,翼身组合体飞行器,飞行器对象,,翼身组合体飞行器是变构飞行器研究中的对象或典型平台，用于承载变形方案、气动布局或控制策略分析。,待人工补充,,,1,0,0.6,已规范化
SE0028,翼身组合构型飞行器,飞行器对象,,翼身组合构型飞行器是变构飞行器研究中的对象或典型平台，用于承载变形方案、气动布局或控制策略分析。,待人工补充,,,1,0,0.6,已规范化
SE0029,翼身融合飞行器,飞行器对象,,翼身融合飞行器是变构飞行器研究中的对象或典型平台，用于承载变形方案、气动布局或控制策略分析。,待人工补充,,,1,0,0.6,已规范化
SE0030,跨域变构飞行器,飞行器对象,,跨域变构飞行器变形方案设计及气动特性分析,D3_跨域变构飞行器变形方案设计及气动特性分析_安英韬,1,跨域变构飞行器变形方案设计及气动特性分析,1,4,0.95,已规范化
SE0031,长航时飞行器,飞行器对象,,大展弦比长航时飞行器在飞行器发展中占有重要地位。对于亚声速飞行器来,D4_单-双折叠翼变体飞行器总体设计研究_郭廷宇,5,大展弦比长航时飞行器在飞行器发展中占有重要地位。对于亚声速飞行器来,1,20,0.95,已规范化
SE0032,飞机总体设计,飞行器对象,,关键词：变体飞行器；大展弦比长航时飞行器；飞机总体设计；飞机气动设,D4_单-双折叠翼变体飞行器总体设计研究_郭廷宇,5,关键词：变体飞行器；大展弦比长航时飞行器；飞机总体设计；飞机气动设,1,3,0.95,已规范化
SE0033,飞机重量,飞行器对象,减轻飞机重量,航空学报629595-3变形来提高气动效率，变体设计方案如图2［5］所示，飞行试验结果表明自适应机翼在设计巡航点阻力减少了约7%，非设计点的阻力减少了20%以上［5］。1985年，NASA与洛克韦尔公…,D6_变体飞行器变形方式及气动布局设计关键技术研究进展,3,航 空 学 报 629595-3 变形来提高气动效率，变体设计方案如图2 ［5］所 示，飞行试验结果表明自适应机翼在设计巡航点 阻力减少了约7%，非设计点的阻力减少了20% 以上 ［5］。 1985 年，NASA 与洛克韦尔公司合作开展了 主动柔性机翼(Active Flexible Wing， AFW)项 目 ［6］，1996 年扩展为主动气动弹性机翼(Active Aeroelastic Wing， AAW)计划 ［7］。该项目采,1,1,0.9,已规范化
SE0034,飞翼布局飞行器,飞行器对象,,随着飞翼布局飞行器性能优势愈加显著，探,D6_变体飞行器变形方式及气动布局设计关键技术研究进展,17,随着飞翼布局飞行器性能优势愈加显著，探,1,3,0.95,已规范化
SE0035,飞行器气动布局,飞行器对象,,系对变构飞行器气动布局设计的关键技术难点进行,D1_空天变构飞行技术研究现状与未来发展研判_刘思佳,1,系对变构飞行器气动布局设计的关键技术难点进行,1,9,0.95,已规范化
SE0036,高空长航时飞行器,飞行器对象,,的最直接方法，为了提高气动效率、扩大航程，高空长航时飞行器往往采用大展,D4_单-双折叠翼变体飞行器总体设计研究_郭廷宇,19,的最直接方法，为了提高气动效率、扩大航程，高空长航时飞行器往往采用大展,1,2,0.9,已规范化
SE0037,高超声速变构飞行器,飞行器对象,,此外，一方面，宽域高超声速变构飞行器在,D6_变体飞行器变形方式及气动布局设计关键技术研究进展,30,此外，一方面，宽域高超声速变构飞行器在,1,3,0.95,已规范化
SE0038,高速巡航导弹,飞行器对象,,的盘旋时间增加约75%。由于高速巡航导弹弹,D6_变体飞行器变形方式及气动布局设计关键技术研究进展,20,的盘旋时间增加约75%。由于高速巡航导弹弹,1,1,0.9,已规范化
SE0039,鸭翼舵面导弹,飞行器对象,,主要方案。偏转弹头导弹、鸭翼舵面导弹模型如,D6_变体飞行器变形方式及气动布局设计关键技术研究进展,6,主要方案。偏转弹头导弹、鸭翼舵面导弹模型如,1,1,0.9,已规范化
SE0040,Z型折叠翼,变形方式,Z字型折叠翼,以新型机械结构为主导的变展长变体飞行器，如Z字型折叠翼，机械结构驱动的,D4_单-双折叠翼变体飞行器总体设计研究_郭廷宇,30,以新型机械结构为主导的变展长变体飞行器，如Z 字型折叠翼，机械结构驱动的,2,3,0.9,已规范化
SE0041,伸缩翼,变形方式,伸缩机翼；伸缩机翼方案,图1.20王礼佳等人研发的多级伸缩式的伸缩机翼.....................................11,D4_单-双折叠翼变体飞行器总体设计研究_郭廷宇,11,图 1.20 王礼佳等人研发的多级伸缩式的伸缩机翼 ..................................... 11,3,40,0.95,已规范化
SE0042,倾转机翼,变形方式,,式，如自适应偏转弹头、可变进气道、倾转机翼技,D6_变体飞行器变形方式及气动布局设计关键技术研究进展,2,式，如自适应偏转弹头、可变进气道、倾转机翼技,1,17,0.95,已规范化
SE0043,偏转弹头,变形方式,,式，如自适应偏转弹头、可变进气道、倾转机翼技,D6_变体飞行器变形方式及气动布局设计关键技术研究进展,2,式，如自适应偏转弹头、可变进气道、倾转机翼技,1,20,0.95,已规范化
SE0044,刚性变构,变形方式,,的不同发展阶段。刚性变构主要指20世纪50年代-,D1_空天变构飞行技术研究现状与未来发展研判_刘思佳,2,的不同发展阶段。刚性变构主要指20世纪50年代-,1,4,0.95,已规范化
SE0045,剪切变后掠,变形方式,,剪切变后掠方式对气动特性的影响，针对翼身组,D6_变体飞行器变形方式及气动布局设计关键技术研究进展,10,剪切变后掠方式对气动特性的影响，针对翼身组,1,2,0.9,已规范化
SE0046,单-双折叠翼,变形方式,,为此，本文发展和完善了一种单-双折叠翼变体飞行器的新概念。这种变体,D4_单-双折叠翼变体飞行器总体设计研究_郭廷宇,5,为此，本文发展和完善了一种单-双折叠翼变体飞行器的新概念。这种变体,1,20,0.95,已规范化
SE0047,单-双折叠翼变体技术,变形方式,,空中折叠变体试验和相关地面试验，实现了单-双折叠翼变体技术的原理验,D4_单-双折叠翼变体飞行器总体设计研究_郭廷宇,32,空中折叠变体试验和相关地面试验，实现了单-双折叠翼变体技术的原理验,1,8,0.95,已规范化
SE0048,变体包线,变形方式,,7.2.1单-双折叠翼变体飞行器的飞行包线与变体包线.........................103,D4_单-双折叠翼变体飞行器总体设计研究_郭廷宇,10,7.2.1 单-双折叠翼变体飞行器的飞行包线与变体包线 ......................... 103,1,19,0.95,已规范化
SE0049,变体技术,变形方式,,展弦比飞行器也存在着对起降跑道要求高、抗风能力差的缺陷。变展长变体技术,D4_单-双折叠翼变体飞行器总体设计研究_郭廷宇,5,展弦比飞行器也存在着对起降跑道要求高、抗风能力差的缺陷。变展长变体技术,1,20,0.95,已规范化
SE0050,变体方案,变形方式,,图1.13NextGenAeronautics公司滑动蒙皮的机翼变体方案........................8,D4_单-双折叠翼变体飞行器总体设计研究_郭廷宇,11,图 1.13 NextGen Aeronautics 公司滑动蒙皮的机翼变体方案 ........................ 8,1,20,0.95,已规范化
SE0051,变体过程,变形方式,,在双翼构型下的气动特性、变体过程中的气动特性以及气动力驱动变体的副翼特,D4_单-双折叠翼变体飞行器总体设计研究_郭廷宇,5,在双翼构型下的气动特性、变体过程中的气动特性以及气动力驱动变体的副翼特,1,20,0.95,已规范化
SE0052,变前掠,变形方式,,力装置变体和组合变体方案的发展历程和现状，重点阐述了可变后掠机翼、可变前掠机翼、折叠机翼、伸缩机翼、斜置机,D6_变体飞行器变形方式及气动布局设计关键技术研究进展,1,力装置变体和组合变体方案的发展历程和现状，重点阐述了可变后掠机翼、可变前掠机翼、折叠机翼、伸缩机翼、斜置机,1,12,0.95,已规范化
SE0053,变后掠变展长,变形方式,,图29变后掠变展长组合方案［52］,D6_变体飞行器变形方式及气动布局设计关键技术研究进展,13,图29 变后掠变展长组合方案［52］,1,1,0.9,已规范化
SE0054,变后掠翼,变形方式,变后掠；变后掠机翼；变后掠机翼技术,力装置变体和组合变体方案的发展历程和现状，重点阐述了可变后掠机翼、可变前掠机翼、折叠机翼、伸缩机翼、斜置机,D6_变体飞行器变形方式及气动布局设计关键技术研究进展,1,力装置变体和组合变体方案的发展历程和现状，重点阐述了可变后掠机翼、可变前掠机翼、折叠机翼、伸缩机翼、斜置机,4,51,0.95,已规范化
SE0055,变展长技术,变形方式,变展长；变展长变体；机翼伸缩；变展长变体技术；变翼展,展弦比飞行器也存在着对起降跑道要求高、抗风能力差的缺陷。变展长变体技术,D4_单-双折叠翼变体飞行器总体设计研究_郭廷宇,5,展弦比飞行器也存在着对起降跑道要求高、抗风能力差的缺陷。变展长变体技术,5,60,0.95,已规范化
SE0056,变弦长,变形方式,,后掠、变展长、变弦长，翼面外变形包括变扭转、展,D1_空天变构飞行技术研究现状与未来发展研判_刘思佳,3,后掠、变展长、变弦长，翼面外变形包括变扭转、展,1,2,0.9,已规范化
SE0057,变形技术,变形方式,,张平.中等尺度变形内变体飞机结构设计与变形技术研究[D].南,D1_空天变构飞行技术研究现状与未来发展研判_刘思佳,5,张平. 中等尺度变形内变体飞机结构设计与变形技术研究[D]. 南,1,2,0.9,已规范化
SE0058,变形方式,变形方式,,伸缩翼多用于低速飞行器，变形方式简单易实现,D1_空天变构飞行技术研究现状与未来发展研判_刘思佳,2,伸缩翼 多用于低速飞行器，变形方式简单易实现,1,13,0.95,已规范化
SE0059,变形方案,变形方式,,跨域变构飞行器变形方案设计及气动特性分析,D3_跨域变构飞行器变形方案设计及气动特性分析_安英韬,1,跨域变构飞行器变形方案设计及气动特性分析,1,8,0.95,已规范化
SE0060,变构技术,变形方式,,行器将是重要的发展趋势之一。但变构技术实现难,D1_空天变构飞行技术研究现状与未来发展研判_刘思佳,1,行器将是重要的发展趋势之一。但变构技术实现难,1,4,0.95,已规范化
SE0061,变构方式,变形方式,,的限制，以变构方式在不同形态之间切换、突破现,D1_空天变构飞行技术研究现状与未来发展研判_刘思佳,1,的限制，以变构方式在不同形态之间切换、突破现,1,8,0.95,已规范化
SE0062,变构过程,变形方式,,气动外形的选择与变构过程的设计。基准外形是总,D1_空天变构飞行技术研究现状与未来发展研判_刘思佳,1,气动外形的选择与变构过程的设计。基准外形是总,1,4,0.95,已规范化
SE0063,多维度柔性变形,变形方式,,发展分为简单机械变形、多维度柔性变形2个阶段。其次，按照变体部位和变形方式详细介绍了头部变体、机翼变体、动,D6_变体飞行器变形方式及气动布局设计关键技术研究进展,1,发展分为简单机械变形、多维度柔性变形2 个阶段。其次，按照变体部位和变形方式详细介绍了头部变体、机翼变体、动,1,5,0.95,已规范化
SE0064,大展弦比变展长变体,变形方式,,第2章大展弦比变展长变体飞行器设计规律研究.....................。..............16,D4_单-双折叠翼变体飞行器总体设计研究_郭廷宇,8,第 2 章 大展弦比变展长变体飞行器设计规律研究 .....................。.............. 16,1,13,0.95,已规范化
SE0065,头部变体,变形方式,,发展分为简单机械变形、多维度柔性变形2个阶段。其次，按照变体部位和变形方式详细介绍了头部变体、机翼变体、动,D6_变体飞行器变形方式及气动布局设计关键技术研究进展,1,发展分为简单机械变形、多维度柔性变形2 个阶段。其次，按照变体部位和变形方式详细介绍了头部变体、机翼变体、动,1,6,0.95,已规范化
SE0066,弹头偏转变形,变形方式,,所示。其中相对体轴线的弹头偏转变形对飞行,D6_变体飞行器变形方式及气动布局设计关键技术研究进展,6,所示。其中相对体轴线的弹头偏转变形对飞行,1,2,0.9,已规范化
SE0067,折叠翼,变形方式,折叠机翼；folding wing,Fig. 34 Development history of folding wing,D6_变体飞行器变形方式及气动布局设计关键技术研究进展,16,Fig. 34 Development history of folding wing,3,44,0.95,已规范化
SE0068,旋转变后掠,变形方式,,数。与旋转变后掠相比，剪切变后掠形式在变后,D6_变体飞行器变形方式及气动布局设计关键技术研究进展,10,数。与旋转变后掠相比，剪切变后掠形式在变后,1,1,0.9,已规范化
SE0069,智能变形与传感技术,变形方式,,资助下开展了智能变形与传感技术(SmartMor‐,D6_变体飞行器变形方式及气动布局设计关键技术研究进展,5,资助下开展了智能变形与传感技术(Smart Mor‐,1,1,0.9,已规范化
SE0070,机头下垂,变形方式,,翼偏转、机头下垂、机翼变后掠等。狭义上的变,D6_变体飞行器变形方式及气动布局设计关键技术研究进展,2,翼偏转、机头下垂、机翼变后掠等。狭义上的变,1,1,0.9,已规范化
SE0071,机械变形,变形方式,,发展分为简单机械变形、多维度柔性变形2个阶段。其次，按照变体部位和变形方式详细介绍了头部变体、机翼变体、动,D6_变体飞行器变形方式及气动布局设计关键技术研究进展,1,发展分为简单机械变形、多维度柔性变形2 个阶段。其次，按照变体部位和变形方式详细介绍了头部变体、机翼变体、动,1,7,0.95,已规范化
SE0072,机翼变体,变形方式,,5.2.1机翼变体的2自由度动力学分析..................................................77,D4_单-双折叠翼变体飞行器总体设计研究_郭廷宇,9,5.2.1 机翼变体的2 自由度动力学分析 .................................................. 77,1,20,0.95,已规范化
SE0073,机翼扭转,变形方式,,对机翼扭转变形的驱动。在此期间，NASA联合,D1_空天变构飞行技术研究现状与未来发展研判_刘思佳,2,对机翼扭转变形的驱动。在此期间，NASA联合,1,5,0.95,已规范化
SE0074,机翼连续变弯度,变形方式,,机翼连续变弯度和机翼扭转。这一阶段的变体,D6_变体飞行器变形方式及气动布局设计关键技术研究进展,6,机翼连续变弯度和机翼扭转。这一阶段的变体,1,3,0.95,已规范化
SE0075,柔性变形,变形方式,,变形幅度小，目前的柔性变形材料无法适用于高速飞行器的高热环境,D1_空天变构飞行技术研究现状与未来发展研判_刘思佳,2,变形幅度小，目前的柔性变形材料无法适用于高速飞行器的高热环境,1,11,0.95,已规范化
SE0076,柔性变构,变形方式,,适应甚至智能化的能力。到了柔性变构阶段，对智,D1_空天变构飞行技术研究现状与未来发展研判_刘思佳,2,适应甚至智能化的能力。到了柔性变构阶段，对智,1,3,0.95,已规范化
SE0077,气动弹性变形,变形方式,,航空学报629595-3变形来提高气动效率，变体设计方案如图2［5］所示，飞行试验结果表明自适应机翼在设计巡航点阻力减少了约7%，非设计点的阻力减少了20%以上［5］。1985年，NASA与洛克韦尔公…,D6_变体飞行器变形方式及气动布局设计关键技术研究进展,3,航 空 学 报 629595-3 变形来提高气动效率，变体设计方案如图2 ［5］所 示，飞行试验结果表明自适应机翼在设计巡航点 阻力减少了约7%，非设计点的阻力减少了20% 以上 ［5］。 1985 年，NASA 与洛克韦尔公司合作开展了 主动柔性机翼(Active Flexible Wing， AFW)项 目 ［6］，1996 年扩展为主动气动弹性机翼(Active Aeroelastic Wing， AAW)计划 ［7］。该项目采,1,1,0.9,已规范化
SE0078,滑动蒙皮,变形方式,滑动蒙皮方案,刘欣煜等以一种滑动蒙皮变后掠翼飞行器为研究,D1_空天变构飞行技术研究现状与未来发展研判_刘思佳,2,刘欣煜等 以一种滑动蒙皮变后掠翼飞行器为研究,2,9,0.95,已规范化
SE0079,空天变构技术,变形方式,空天变构飞行技术；空天变构,空天变构飞行技术研究现状与未来发展研判,D1_空天变构飞行技术研究现状与未来发展研判_刘思佳,1,空天变构飞行技术研究现状与未来发展研判,2,11,0.95,已规范化
SE0080,简单机械变形,变形方式,,发展分为简单机械变形、多维度柔性变形2个阶段。其次，按照变体部位和变形方式详细介绍了头部变体、机翼变体、动,D6_变体飞行器变形方式及气动布局设计关键技术研究进展,1,发展分为简单机械变形、多维度柔性变形2 个阶段。其次，按照变体部位和变形方式详细介绍了头部变体、机翼变体、动,1,3,0.95,已规范化
SE0081,组合变体,变形方式,,力装置变体和组合变体方案的发展历程和现状，重点阐述了可变后掠机翼、可变前掠机翼、折叠机翼、伸缩机翼、斜置机,D6_变体飞行器变形方式及气动布局设计关键技术研究进展,1,力装置变体和组合变体方案的发展历程和现状，重点阐述了可变后掠机翼、可变前掠机翼、折叠机翼、伸缩机翼、斜置机,1,8,0.95,已规范化
SE0082,跨域变构,变形方式,,跨域变构飞行器变形方案设计及气动特性分析,D3_跨域变构飞行器变形方案设计及气动特性分析_安英韬,1,跨域变构飞行器变形方案设计及气动特性分析,1,6,0.95,已规范化
SE0083,连续变弯度机翼,变形方式,变弯度机翼；机翼弯度变化；机翼后缘连续变弯度,翼、连续变弯度机翼等机翼变体方案的研究进展，总结其在不同布局构型上的应用，并分析了各自的气动、操稳特性。之,D6_变体飞行器变形方式及气动布局设计关键技术研究进展,1,翼、连续变弯度机翼等机翼变体方案的研究进展，总结其在不同布局构型上的应用，并分析了各自的气动、操稳特性。之,4,15,0.95,已规范化
SE0084,非连续变形,变形方式,,油效率的提高；蒙皮等非连续变形使局部结构,D6_变体飞行器变形方式及气动布局设计关键技术研究进展,2,油效率的提高；蒙皮等非连续变形使局部结构,1,2,0.9,已规范化
SE0085,三角翼布局,气动布局,,三角翼布局，这一阶段的变体技术基本上均为在,D6_变体飞行器变形方式及气动布局设计关键技术研究进展,2,三角翼布局，这一阶段的变体技术基本上均为在,1,3,0.95,已规范化
SE0086,上下机翼,气动布局,上下翼,图4.5上下机翼处于不同位置时机翼的零升攻角.......................................39,D4_单-双折叠翼变体飞行器总体设计研究_郭廷宇,12,图 4.5 上下机翼处于不同位置时机翼的零升攻角 ....................................... 39,2,40,0.95,已规范化
SE0087,二维双翼,气动布局,,图4.1传统双翼理论中描述二维双翼的主要平面参数................................36,D4_单-双折叠翼变体飞行器总体设计研究_郭廷宇,12,图 4.1 传统双翼理论中描述二维双翼的主要平面参数 ................................ 36,1,12,0.95,已规范化
SE0088,单翼,气动布局,,图6.6活动机翼处于单翼状态时连杆弯曲引起的变形................................91,D4_单-双折叠翼变体飞行器总体设计研究_郭廷宇,15,图 6.6 活动机翼处于单翼状态时连杆弯曲引起的变形 ................................ 91,1,20,0.95,已规范化
SE0089,单翼构型,气动布局,,图6.7活动机翼处于单翼构型时连杆扭转引起的变形................................92,D4_单-双折叠翼变体飞行器总体设计研究_郭廷宇,15,图 6.7 活动机翼处于单翼构型时连杆扭转引起的变形 ................................ 92,1,20,0.95,已规范化
SE0090,单连杆构型双翼,气动布局,,图4.39单连杆构型双翼与双连杆构型双翼的压力分布比较.......................62,D4_单-双折叠翼变体飞行器总体设计研究_郭廷宇,14,图 4.39 单连杆构型双翼与双连杆构型双翼的压力分布比较 ....................... 62,1,2,0.9,已规范化
SE0091,双垂尾正常式气动布局,气动布局,,型成果。F-14采用双垂尾正常式气动布局，能根,D6_变体飞行器变形方式及气动布局设计关键技术研究进展,10,型成果。F-14 采用双垂尾正常式气动布局，能根,1,1,0.9,已规范化
SE0092,双机身布局,气动布局,,双机身布局是飞行器总体外形或翼面组合方式，直接影响气动效率、稳定性和任务适应性。,待人工补充,,,1,0,0.6,已规范化
SE0093,双翼,气动布局,,在双翼构型下的气动特性、变体过程中的气动特性以及气动力驱动变体的副翼特,D4_单-双折叠翼变体飞行器总体设计研究_郭廷宇,5,在双翼构型下的气动特性、变体过程中的气动特性以及气动力驱动变体的副翼特,1,20,0.95,已规范化
SE0094,双翼布局,气动布局,,4.2双翼布局的气动特性研究...................................................................34,D4_单-双折叠翼变体飞行器总体设计研究_郭廷宇,9,4.2 双翼布局的气动特性研究 ................................................................... 34,1,19,0.95,已规范化
SE0095,双翼构型,气动布局,,在双翼构型下的气动特性、变体过程中的气动特性以及气动力驱动变体的副翼特,D4_单-双折叠翼变体飞行器总体设计研究_郭廷宇,5,在双翼构型下的气动特性、变体过程中的气动特性以及气动力驱动变体的副翼特,1,20,0.95,已规范化
SE0096,变构型技术,气动布局,,折展变构型技术将适应高速飞行及低速飞行任务的,D3_跨域变构飞行器变形方案设计及气动特性分析_安英韬,2,折展变构型技术将适应高速飞行及低速飞行任务的,1,2,0.9,已规范化
SE0097,多机身布局,气动布局,,上进一步开发出了连接翼布局、支撑翼布局、双/多机身布局等其他布局形式，以,D4_单-双折叠翼变体飞行器总体设计研究_郭廷宇,20,上进一步开发出了连接翼布局、支撑翼布局、双/多机身布局等其他布局形式，以,1,3,0.95,已规范化
SE0098,展开构型,气动布局,unfolded configuration；大翼面展开构型,力的空天飞行器设计方案。通过计算流体力学(CFD)方法，对折叠构型和展开构型的空天飞行器在不同高度、不同马赫数、,D3_跨域变构飞行器变形方案设计及气动特性分析_安英韬,1,力的空天飞行器设计方案。通过计算流体力学(CFD)方法，对折叠构型和展开构型的空天飞行器在不同高度、不同马赫数、,3,19,0.95,已规范化
SE0099,常规布局,气动布局,,接翼布局使用前后串列的机翼排列成菱形，和常规布局相比，连接翼布局菱形的,D4_单-双折叠翼变体飞行器总体设计研究_郭廷宇,20,接翼布局使用前后串列的机翼排列成菱形，和常规布局相比，连接翼布局菱形的,1,14,0.95,已规范化
SE0100,平直机翼布局,气动布局,,4“全球鹰”无人机(图1.1)是大展弦比平直机翼布局的典型代表，通过先,D4_单-双折叠翼变体飞行器总体设计研究_郭廷宇,20,4“全球鹰”无人机 (图1.1)是大展弦比平直机翼布局的典型代表，通过先,1,1,0.9,已规范化
SE0101,平直翼,气动布局,,的平直翼。随着马赫数的增大，在跨声速巡航或,D6_变体飞行器变形方式及气动布局设计关键技术研究进展,14,的平直翼。随着马赫数的增大，在跨声速巡航或,1,5,0.95,已规范化
SE0102,折叠构型,气动布局,folded configuration；收缩折叠构型,"methodology, the aerodynamic characteristics and flight stability of the folded and unfolded configu…",D3_跨域变构飞行器变形方案设计及气动特性分析_安英韬,7,"methodology, the aerodynamic characteristics and flight stability of the folded and unfolded configurations of the aerospace vehicle are",3,23,0.95,已规范化
SE0103,支撑翼布局,气动布局,,上进一步开发出了连接翼布局、支撑翼布局、双/多机身布局等其他布局形式，以,D4_单-双折叠翼变体飞行器总体设计研究_郭廷宇,20,上进一步开发出了连接翼布局、支撑翼布局、双/多机身布局等其他布局形式，以,1,3,0.95,已规范化
SE0104,无尾布局,气动布局,,取代无尾布局前缘和后缘的铰接控制面，并在无,D6_变体飞行器变形方式及气动布局设计关键技术研究进展,3,取代无尾布局前缘和后缘的铰接控制面，并在无,1,6,0.95,已规范化
SE0105,气动布局,气动布局,,当传统的固定翼飞行器性能囿于单一气动布局,D1_空天变构飞行技术研究现状与未来发展研判_刘思佳,1,当传统的固定翼飞行器性能囿于单一气动布局,1,20,0.95,已规范化
SE0106,气动布局方案优化,气动布局,,估、气动布局方案优化、多学科耦合设计等方面的关键技术难点，重点对变体飞行器动态气动力计算方法和气动优化设,D6_变体飞行器变形方式及气动布局设计关键技术研究进展,1,估、气动布局方案优化、多学科耦合设计等方面的关键技术难点，重点对变体飞行器动态气动力计算方法和气动优化设,1,1,0.9,已规范化
SE0107,气动布局设计,气动布局,,气动布局设计包括气动外形的设计、飞行器布,D1_空天变构飞行技术研究现状与未来发展研判_刘思佳,1,气动布局设计包括气动外形的设计、飞行器布,1,20,0.95,已规范化
SE0108,翼身组合布局,气动布局,,翼身组合布局是飞行器总体外形或翼面组合方式，直接影响气动效率、稳定性和任务适应性。,待人工补充,,,1,0,0.6,已规范化
SE0109,菱形连接翼,气动布局,,菱形连接翼是飞行器总体外形或翼面组合方式，直接影响气动效率、稳定性和任务适应性。,待人工补充,,,1,0,0.6,已规范化
SE0110,连接翼,气动布局,,上进一步开发出了连接翼布局、支撑翼布局、双/多机身布局等其他布局形式，以,D4_单-双折叠翼变体飞行器总体设计研究_郭廷宇,20,上进一步开发出了连接翼布局、支撑翼布局、双/多机身布局等其他布局形式，以,1,8,0.95,已规范化
SE0111,连接翼布局,气动布局,,上进一步开发出了连接翼布局、支撑翼布局、双/多机身布局等其他布局形式，以,D4_单-双折叠翼变体飞行器总体设计研究_郭廷宇,20,上进一步开发出了连接翼布局、支撑翼布局、双/多机身布局等其他布局形式，以,1,8,0.95,已规范化
SE0112,飞翼布局,气动布局,,随着飞翼布局飞行器性能优势愈加显著，探,D6_变体飞行器变形方式及气动布局设计关键技术研究进展,17,随着飞翼布局飞行器性能优势愈加显著，探,1,11,0.95,已规范化
SE0113,鸭式布局,气动布局,,会对变体造成较多干扰，因此单-双折叠翼变体飞行器应避免使用鸭式布局、,D4_单-双折叠翼变体飞行器总体设计研究_郭廷宇,125,会对变体造成较多干扰，因此单-双折叠翼变体飞行器应避免使用鸭式布局、,1,2,0.9,已规范化
SE0114,SMA,结构部件,,"(SmartMemoryAlloy,SMA)替代传统铰链，实现",D1_空天变构飞行技术研究现状与未来发展研判_刘思佳,2,"(Smart Memory Alloy, SMA)替代传统铰链，实现",1,20,0.95,已规范化
SE0115,上机翼,结构部件,上翼,图4.35上翼带有上反角的双翼与常规双翼升力阻力对比...........................59,D4_单-双折叠翼变体飞行器总体设计研究_郭廷宇,13,图 4.35 上翼带有上反角的双翼与常规双翼升力阻力对比 ........................... 59,2,33,0.95,已规范化
SE0116,下机翼,结构部件,下翼,图4.5上下机翼处于不同位置时机翼的零升攻角.......................................39,D4_单-双折叠翼变体飞行器总体设计研究_郭廷宇,12,图 4.5 上下机翼处于不同位置时机翼的零升攻角 ....................................... 39,2,40,0.95,已规范化
SE0117,主动柔性机翼,结构部件,,"“主动柔性机翼(ActiveFlexibleWing,AFW)”、“主",D1_空天变构飞行技术研究现状与未来发展研判_刘思佳,2,"“主动柔性机翼(Active Flexible Wing, AFW)”、“主",1,2,0.9,已规范化
SE0118,主动气动弹性机翼,结构部件,active aeroelastic wing,性变体、设计主动气动弹性机翼、到聚焦柔性变形,D1_空天变构飞行技术研究现状与未来发展研判_刘思佳,2,性变体、设计主动气动弹性机翼、到聚焦柔性变形,2,4,0.95,已规范化
SE0119,充气机翼,结构部件,,架、充气机翼、伸缩翼等等，但这些变体方式存在着机构复杂、重量代价大、对,D4_单-双折叠翼变体飞行器总体设计研究_郭廷宇,19,架、充气机翼、伸缩翼等等，但这些变体方式存在着机构复杂、重量代价大、对,1,2,0.9,已规范化
SE0120,内翼段,结构部件,,段与内翼段连接处的运动机构实现机翼后掠角,D6_变体飞行器变形方式及气动布局设计关键技术研究进展,2,段与内翼段连接处的运动机构实现机翼后掠角,1,1,0.9,已规范化
SE0121,刚度设计,结构部件,,球鹰”无人机为原准机，开展了变体机构的强度刚度设计，形成了单-双折叠翼变,D4_单-双折叠翼变体飞行器总体设计研究_郭廷宇,5,球鹰”无人机为原准机，开展了变体机构的强度刚度设计，形成了单-双折叠翼变,1,1,0.9,已规范化
SE0122,前缘,结构部件,,两个机翼的上下间距(Gap)、两个机翼前缘的前后间距(Stagger)，如图,D4_单-双折叠翼变体飞行器总体设计研究_郭廷宇,53,两个机翼的上下间距(Gap)、两个机翼前缘的前后间距(Stagger)，如图,1,14,0.95,已规范化
SE0123,前翼,结构部件,,局相比，会导致新的非对称气动问题。前翼后缘,D6_变体飞行器变形方式及气动布局设计关键技术研究进展,22,局相比，会导致新的非对称气动问题。前翼后缘,1,1,0.9,已规范化
SE0124,副翼,结构部件,副翼面,图4.57不同副翼面积的机翼在不同攻角下副翼偏转时俯仰力矩变化情况..73,D4_单-双折叠翼变体飞行器总体设计研究_郭廷宇,14,图 4.57 不同副翼面积的机翼在不同攻角下副翼偏转时俯仰力矩变化情况.. 73,2,31,0.95,已规范化
SE0125,单块式机翼,结构部件,,固定翼飞机的机翼结构一般包括梁式机翼、单块式机翼、多腹板式机翼等,D4_单-双折叠翼变体飞行器总体设计研究_郭廷宇,117,固定翼飞机的机翼结构一般包括梁式机翼、单块式机翼、多腹板式机翼等,1,3,0.95,已规范化
SE0126,变翼面积,结构部件,,术的发展，通过大幅度改变翼面积或展长改善飞,D6_变体飞行器变形方式及气动布局设计关键技术研究进展,16,术的发展，通过大幅度改变翼面积或展长改善飞,1,2,0.9,已规范化
SE0127,后缘,结构部件,,取代无尾布局前缘和后缘的铰接控制面，并在无,D6_变体飞行器变形方式及气动布局设计关键技术研究进展,3,取代无尾布局前缘和后缘的铰接控制面，并在无,1,20,0.95,已规范化
SE0128,后翼,结构部件,,翼)。其次，机翼伸展开后，翼面的不连续外形会,D6_变体飞行器变形方式及气动布局设计关键技术研究进展,20,翼)。其次，机翼伸展开后，翼面的不连续外形会,1,2,0.9,已规范化
SE0129,固定机翼,结构部件,,图3.4固定机翼与活动机翼之间的连杆为两个或多个时的情况..................28,D4_单-双折叠翼变体飞行器总体设计研究_郭廷宇,12,图 3.4 固定机翼与活动机翼之间的连杆为两个或多个时的情况 .................. 28,1,20,0.95,已规范化
SE0130,固定机翼与活动机翼,结构部件,,图3.4固定机翼与活动机翼之间的连杆为两个或多个时的情况..................28,D4_单-双折叠翼变体飞行器总体设计研究_郭廷宇,12,图 3.4 固定机翼与活动机翼之间的连杆为两个或多个时的情况 .................. 28,1,9,0.95,已规范化
SE0131,地面声爆强度,结构部件,,的地面声爆强度。可变形状和变级数的头部静,D6_变体飞行器变形方式及气动布局设计关键技术研究进展,9,的地面声爆强度。可变形状和变级数的头部静,1,1,0.9,已规范化
SE0132,垂尾,结构部件,,尾翼，其平尾面积和垂尾面积进行了等效折算。,D4_单-双折叠翼变体飞行器总体设计研究_郭廷宇,102,尾翼，其平尾面积和垂尾面积进行了等效折算。,1,4,0.95,已规范化
SE0133,复合材料机翼结构,结构部件,,进的复合材料机翼结构，“全球鹰”系列无人机的展弦比在25以上，翼展接近,D4_单-双折叠翼变体飞行器总体设计研究_郭廷宇,20,进的复合材料机翼结构，“全球鹰”系列无人机的展弦比在25 以上，翼展接近,1,1,0.9,已规范化
SE0134,外翼段,结构部件,,统外翼段/翼尖折叠技术在飞翼布局上的应用。,D6_变体飞行器变形方式及气动布局设计关键技术研究进展,18,统外翼段/翼尖折叠技术在飞翼布局上的应用。,1,1,0.9,已规范化
SE0135,多腹板式机翼,结构部件,,固定翼飞机的机翼结构一般包括梁式机翼、单块式机翼、多腹板式机翼等,D4_单-双折叠翼变体飞行器总体设计研究_郭廷宇,117,固定翼飞机的机翼结构一般包括梁式机翼、单块式机翼、多腹板式机翼等,1,4,0.95,已规范化
SE0136,大展弦比平直机翼,结构部件,,大展弦比平直机翼是最常见的大展弦比布局形式，平直机翼结构简单，气动,D4_单-双折叠翼变体飞行器总体设计研究_郭廷宇,20,大展弦比平直机翼是最常见的大展弦比布局形式，平直机翼结构简单，气动,1,5,0.95,已规范化
SE0137,大展弦比机翼,结构部件,,大展弦比机翼可以极大地降低飞机的诱导阻力，提高飞机的升阻比，但随着,D4_单-双折叠翼变体飞行器总体设计研究_郭廷宇,20,大展弦比机翼可以极大地降低飞机的诱导阻力，提高飞机的升阻比，但随着,1,5,0.95,已规范化
SE0138,尾翼,结构部件,,器，可以同时改变机翼和尾翼的展长，如图1.18所示。,D4_单-双折叠翼变体飞行器总体设计研究_郭廷宇,28,器，可以同时改变机翼和尾翼的展长 ，如图 1.18 所示。,1,17,0.95,已规范化
SE0139,展弦比平直机翼,结构部件,,大展弦比平直机翼是最常见的大展弦比布局形式，平直机翼结构简单，气动,D4_单-双折叠翼变体飞行器总体设计研究_郭廷宇,20,大展弦比平直机翼是最常见的大展弦比布局形式，平直机翼结构简单，气动,1,7,0.95,已规范化
SE0140,弹体,结构部件,,制避免了舵面与弹体的气动干扰。并且，由于弹,D6_变体飞行器变形方式及气动布局设计关键技术研究进展,6,制避免了舵面与弹体的气动干扰。并且，由于弹,1,2,0.9,已规范化
SE0141,弹头,结构部件,,式，如自适应偏转弹头、可变进气道、倾转机翼技,D6_变体飞行器变形方式及气动布局设计关键技术研究进展,2,式，如自适应偏转弹头、可变进气道、倾转机翼技,1,20,0.95,已规范化
SE0142,强度刚度设计,结构部件,,球鹰”无人机为原准机，开展了变体机构的强度刚度设计，形成了单-双折叠翼变,D4_单-双折叠翼变体飞行器总体设计研究_郭廷宇,5,球鹰”无人机为原准机，开展了变体机构的强度刚度设计，形成了单-双折叠翼变,1,1,0.9,已规范化
SE0143,强度设计,结构部件,,了变体对于飞机稳定性的影响；在变体的结构机构设计研究中，分析了变体过程中机翼和机构的传力路径和受力特性，并进一步以“全球鹰”无人机为原准机，开展了变体机构的强度刚度设计，形成了单-双折叠翼变体飞行器结…,D4_单-双折叠翼变体飞行器总体设计研究_郭廷宇,5,了变体对于飞机稳定性的影响；在变体的结构机构设计 研究中，分析了变体过程中机翼和机构的传力路径和受力特性，并进一步以“全 球鹰”无人机为原准机，开展了变体机构的强度刚度设计，形成了单-双折叠翼变 体飞行器结构设计方案。此后，基于以上三项研究内容，进一步开展了单-双折叠 翼变体飞行器总体设计方法研究，分析了单-双折叠翼变体飞,1,1,0.82,已规范化
SE0144,形状记忆合金,结构部件,shape memory alloy,能材料与结构的应用进一步加强，以形状记忆合金,D1_空天变构飞行技术研究现状与未来发展研判_刘思佳,2,能材料与结构的应用进一步加强，以形状记忆合金,2,5,0.95,已规范化
SE0145,数字化复合材料航空结构,结构部件,,航空学报629595-5装置(AdaptiveTrailingEdgeDevice，ATED)可以实现后缘的智能变弯度，有效降低了飞行油耗［15］。项目过程中开展了多次风洞试验，充分验证了前缘、后缘、…,D6_变体飞行器变形方式及气动布局设计关键技术研究进展,5,航 空 学 报 629595-5 装置(Adaptive Trailing Edge Device， ATED)可以 实现后缘的智能变弯度，有效降低了飞行油耗 ［15］。 项目过程中开展了多次风洞试验，充分验证了前 缘、后缘、翼梢变形的可行性。 2014 年，NASA 组织开展了自适应柔性后缘 (Adaptive Compliant Trailing Edge， ACTE)项 目 ［16］。在湾流飞机上安装ACTE 襟翼来实现后 缘连续,1,1,0.9,已规范化
SE0146,斜置机翼,结构部件,,［78］提出的斜置机翼方案能有效减小激波,D6_变体飞行器变形方式及气动布局设计关键技术研究进展,20,［78］提出的斜置机翼方案能有效减小激波,1,20,0.95,已规范化
SE0147,新型机械结构,结构部件,,以新型机械结构为主导的变展长变体飞行器，如Z字型折叠翼，机械结构驱动的,D4_单-双折叠翼变体飞行器总体设计研究_郭廷宇,30,以新型机械结构为主导的变展长变体飞行器，如Z 字型折叠翼，机械结构驱动的,1,1,0.9,已规范化
SE0148,智能机翼,结构部件,,展了智能机翼(SmartWing)项目,D6_变体飞行器变形方式及气动布局设计关键技术研究进展,3,展了智能机翼(Smart Wing)项目,1,3,0.95,已规范化
SE0149,智能材料,结构部件,,必然呈现出高度自动化的特征；另一种则以智能材料,D1_空天变构飞行技术研究现状与未来发展研判_刘思佳,2,必然呈现出高度自动化的特征；另一种则以智能材料,1,19,0.95,已规范化
SE0150,智能结构,结构部件,,智能材料与智能结构技术，通过机翼主动气动弹,D6_变体飞行器变形方式及气动布局设计关键技术研究进展,3,智能材料与智能结构技术，通过机翼主动气动弹,1,6,0.95,已规范化
SE0151,机械结构,结构部件,,机型，借助于机械结构驱动，设计方案包括变后掠,D1_空天变构飞行技术研究现状与未来发展研判_刘思佳,2,机型，借助于机械结构驱动，设计方案包括变后掠,1,5,0.95,已规范化
SE0152,机翼固定段,结构部件,,动补偿措施，如F-14飞机在机翼固定段前缘设计,D6_变体飞行器变形方式及气动布局设计关键技术研究进展,10,动补偿措施，如F-14 飞机在机翼固定段前缘设计,1,1,0.9,已规范化
SE0153,机翼载荷,结构部件,,2)起飞重量：综合考虑到试飞场地条件和飞机翼载荷的要求，验证机的,D4_单-双折叠翼变体飞行器总体设计研究_郭廷宇,140,2)起飞重量：综合考虑到试飞场地条件和飞机翼载荷的要求，验证机的,1,1,0.9,已规范化
SE0154,机翼骨架,结构部件,,机翼骨架是变构飞行器结构、材料或翼面部件之一，与承载、传力和变形实现有关。,待人工补充,,,1,0,0.6,已规范化
SE0155,机身,结构部件,,图8.7机身上部的翼台及其结构..............................................................127,D4_单-双折叠翼变体飞行器总体设计研究_郭廷宇,16,图 8.7 机身上部的翼台及其结构 .............................................................. 127,1,20,0.95,已规范化
SE0156,机鼻,结构部件,,机上的可下垂机鼻。在起降阶段，机鼻下垂以改善,D6_变体飞行器变形方式及气动布局设计关键技术研究进展,6,机上的可下垂机鼻。在起降阶段，机鼻下垂以改善,1,2,0.9,已规范化
SE0157,柔性组合机翼,结构部件,,项目充分验证了柔性组合机翼的可行性。,D6_变体飞行器变形方式及气动布局设计关键技术研究进展,5,项目充分验证了柔性组合机翼的可行性。,1,1,0.9,已规范化
SE0158,柔性蒙皮,结构部件,,智能材料驱动器和柔性蒙皮作为变构飞行器设,D1_空天变构飞行技术研究现状与未来发展研判_刘思佳,3,智能材料驱动器和柔性蒙皮作为变构飞行器设,1,11,0.95,已规范化
SE0159,梁式机翼,结构部件,,图6.18梁式机翼的结构...........................................................................100,D4_单-双折叠翼变体飞行器总体设计研究_郭廷宇,15,图 6.18 梁式机翼的结构 ........................................................................... 100,1,9,0.95,已规范化
SE0160,气动-结构重量最优,结构部件,,2.3.2气动-结构重量最优下的飞机最优展弦比.....................................19,D4_单-双折叠翼变体飞行器总体设计研究_郭廷宇,8,2.3.2 气动-结构重量最优下的飞机最优展弦比 ..................................... 19,1,3,0.95,已规范化
SE0161,气动舵面设计,结构部件,,7.3.3单-双折叠翼变体飞行器的气动舵面设计...................................111,D4_单-双折叠翼变体飞行器总体设计研究_郭廷宇,10,7.3.3 单-双折叠翼变体飞行器的气动舵面设计 ................................... 111,1,3,0.95,已规范化
SE0162,油箱侵占,结构部件,,油箱侵占是变构飞行器结构、材料或翼面部件之一，与承载、传力和变形实现有关。,待人工补充,,,1,0,0.6,已规范化
SE0163,活动机翼,结构部件,,图3.4固定机翼与活动机翼之间的连杆为两个或多个时的情况..................28,D4_单-双折叠翼变体飞行器总体设计研究_郭廷宇,12,图 3.4 固定机翼与活动机翼之间的连杆为两个或多个时的情况 .................. 28,1,20,0.95,已规范化
SE0164,结构刚度,结构部件,,结构刚度是变构飞行器结构、材料或翼面部件之一，与承载、传力和变形实现有关。,待人工补充,,,1,0,0.6,已规范化
SE0165,结构增重,结构部件,,展弦比飞行器的性能缺陷，但现有的变展长变体技术往往在结构增重、空间侵占,D4_单-双折叠翼变体飞行器总体设计研究_郭廷宇,5,展弦比飞行器的性能缺陷，但现有的变展长变体技术往往在结构增重、空间侵占,1,2,0.9,已规范化
SE0166,结构复杂度,结构部件,,驱动结构增加飞机重量、结构复杂度，气动中心,D6_变体飞行器变形方式及气动布局设计关键技术研究进展,10,驱动结构增加飞机重量、结构复杂度，气动中心,1,1,0.9,已规范化
SE0167,结构强度,结构部件,,形尺度较小，其结构强度也无法满足大型飞行器的需求。综合来看，这些变展长,D4_单-双折叠翼变体飞行器总体设计研究_郭廷宇,31,形尺度较小，其结构强度也无法满足大型飞行器的需求。综合来看，这些变展长,1,11,0.95,已规范化
SE0168,结构设计,结构部件,,周期以及建立后续结构设计、控制系统设计和变构,D1_空天变构飞行技术研究现状与未来发展研判_刘思佳,2,周期以及建立后续结构设计、控制系统设计和变构,1,20,0.95,已规范化
SE0169,结构重量,结构部件,,价与收益进行对比衡量；严格控制结构重量或将成为未来推动变构飞行技术工程实用化的关键。,D1_空天变构飞行技术研究现状与未来发展研判_刘思佳,1,价与收益进行对比衡量；严格控制结构重量或将成为未来推动变构飞行技术工程实用化的关键。,1,20,0.95,已规范化
SE0170,缝翼,结构部件,,结构控制的飞机局部变形。如通过襟翼、缝翼等,D6_变体飞行器变形方式及气动布局设计关键技术研究进展,2,结构控制的飞机局部变形。如通过襟翼、缝翼等,1,3,0.95,已规范化
SE0171,翼型,结构部件,,对无粘不可压流场中儒科夫斯基翼型厚度、弯度的,D1_空天变构飞行技术研究现状与未来发展研判_刘思佳,2,对无粘不可压流场中儒科夫斯基翼型厚度、弯度的,1,20,0.95,已规范化
SE0172,翼根,结构部件,,难度，对端头做了钝化处理，在翼根处增加了折展,D3_跨域变构飞行器变形方案设计及气动特性分析_安英韬,2,难度，对端头做了钝化处理，在翼根处增加了折展,1,19,0.95,已规范化
SE0173,翼梢小翼,结构部件,,Edge，ATED)、翼梢小翼主动后缘(WingletActive,D6_变体飞行器变形方式及气动布局设计关键技术研究进展,4,Edge， ATED)、翼梢小翼主动后缘(Winglet Active,1,2,0.9,已规范化
SE0174,翼梢小翼主动后缘,结构部件,,Edge，ATED)、翼梢小翼主动后缘(WingletActive,D6_变体飞行器变形方式及气动布局设计关键技术研究进展,4,Edge， ATED)、翼梢小翼主动后缘(Winglet Active,1,1,0.9,已规范化
SE0175,翼面积,结构部件,,翼面积和形状等，中等尺度变构包括变翼型弯度、,D1_空天变构飞行技术研究现状与未来发展研判_刘思佳,3,翼面积和形状等，中等尺度变构包括变翼型弯度、,1,20,0.95,已规范化
SE0176,蒙皮,结构部件,,刘欣煜等以一种滑动蒙皮变后掠翼飞行器为研究,D1_空天变构飞行技术研究现状与未来发展研判_刘思佳,2,刘欣煜等 以一种滑动蒙皮变后掠翼飞行器为研究,1,20,0.95,已规范化
SE0177,襟翼,结构部件,,结构控制的飞机局部变形。如通过襟翼、缝翼等,D6_变体飞行器变形方式及气动布局设计关键技术研究进展,2,结构控制的飞机局部变形。如通过襟翼、缝翼等,1,8,0.95,已规范化
SE0178,连续蒙皮,结构部件,,气动收益。此外，还存在非连续蒙皮变形使局部应,D1_空天变构飞行技术研究现状与未来发展研判_刘思佳,4,气动收益。此外，还存在非连续蒙皮变形使局部应,1,4,0.95,已规范化
SE0179,非连续蒙皮,结构部件,,气动收益。此外，还存在非连续蒙皮变形使局部应,D1_空天变构飞行技术研究现状与未来发展研判_刘思佳,4,气动收益。此外，还存在非连续蒙皮变形使局部应,1,1,0.9,已规范化
SE0180,鸭翼,结构部件,,且对于流场的均匀性和稳定性有一定要求。如使用鸭翼等前置的翼面，其尾流,D4_单-双折叠翼变体飞行器总体设计研究_郭廷宇,125,且对于流场的均匀性和稳定性有一定要求。如使用鸭翼等前置的翼面，其尾流,1,7,0.95,已规范化
SE0181,鸭翼舵面,结构部件,,偏转弹头、鸭翼舵面是控制导弹机动的2种,D6_变体飞行器变形方式及气动布局设计关键技术研究进展,6,偏转弹头、鸭翼舵面是控制导弹机动的2 种,1,4,0.95,已规范化
SE0182,伸缩运动机构,机构/执行系统,,航空学报629595-20和结构技术等的限制，伸缩结构较为笨重复杂，伸缩机翼技术的发展缓慢。21世纪初，随着材料、结构等的发展，伸缩机翼技术重新得到关注。其中最具代表性的是MAS项目中的伸缩机翼方案，…,D6_变体飞行器变形方式及气动布局设计关键技术研究进展,20,航 空 学 报 629595-20 和结构技术等的限制，伸缩结构较为笨重复杂，伸 缩机翼技术的发展缓慢。 21 世纪初，随着材料、结构等的发展，伸缩机 翼技术重新得到关注。其中最具代表性的是 MAS 项目中的伸缩机翼方案，以“战斧”巡航导 弹为研究对象，希望能使导弹以小展弦比快速飞 至高空，以大展弦比在高空巡航至攻击目标上 空，再以小展弦比形式快速俯冲打击目标。其机 翼展长最大有50% 的增幅，从而使得在巡航末端 的盘旋时间增加约75%,1,1,0.9,已规范化
SE0183,作动器,机构/执行系统,,3.3.2气动力驱动变体与作动器直接驱动变体的比较............................30,D4_单-双折叠翼变体飞行器总体设计研究_郭廷宇,9,3.3.2 气动力驱动变体与作动器直接驱动变体的比较 ............................ 30,1,20,0.95,已规范化
SE0184,作动器直接驱动,机构/执行系统,作动器直接驱动变体,3.3.2气动力驱动变体与作动器直接驱动变体的比较............................30,D4_单-双折叠翼变体飞行器总体设计研究_郭廷宇,9,3.3.2 气动力驱动变体与作动器直接驱动变体的比较 ............................ 30,1,10,0.95,已规范化
SE0185,动力装置变体,机构/执行系统,,部变体、机翼变体、动力装置变体、组合变体的研,D6_变体飞行器变形方式及气动布局设计关键技术研究进展,6,部变体、机翼变体、动力装置变体、组合变体的研,1,2,0.9,已规范化
SE0186,压电作动器,机构/执行系统,,航空学报629595-5装置(AdaptiveTrailingEdgeDevice，ATED)可以实现后缘的智能变弯度，有效降低了飞行油耗［15］。项目过程中开展了多次风洞试验，充分验证了前缘、后缘、…,D6_变体飞行器变形方式及气动布局设计关键技术研究进展,5,航 空 学 报 629595-5 装置(Adaptive Trailing Edge Device， ATED)可以 实现后缘的智能变弯度，有效降低了飞行油耗 ［15］。 项目过程中开展了多次风洞试验，充分验证了前 缘、后缘、翼梢变形的可行性。 2014 年，NASA 组织开展了自适应柔性后缘 (Adaptive Compliant Trailing Edge， ACTE)项 目 ［16］。在湾流飞机上安装ACTE 襟翼来实现后 缘连续,1,1,0.9,已规范化
SE0187,压电驱动,机构/执行系统,,压电驱动用于驱动或支撑变形动作，是实现构型转换的机构或执行系统。,待人工补充,,,1,0,0.6,已规范化
SE0188,变体机构,机构/执行系统,,球鹰”无人机为原准机，开展了变体机构的强度刚度设计，形成了单-双折叠翼变,D4_单-双折叠翼变体飞行器总体设计研究_郭廷宇,5,球鹰”无人机为原准机，开展了变体机构的强度刚度设计，形成了单-双折叠翼变,1,20,0.95,已规范化
SE0189,固态驱动器,机构/执行系统,,采用新型形状记忆合金设计固态驱动器代替液,D6_变体飞行器变形方式及气动布局设计关键技术研究进展,5,采用新型形状记忆合金设计固态驱动器代替液,1,1,0.9,已规范化
SE0190,形状记忆合金驱动,机构/执行系统,,形状记忆合金驱动用于驱动或支撑变形动作，是实现构型转换的机构或执行系统。,待人工补充,,,1,0,0.6,已规范化
SE0191,执行机构,机构/执行系统,,执行机构用于驱动或支撑变形动作，是实现构型转换的机构或执行系统。,待人工补充,,,1,0,0.6,已规范化
SE0192,折展变形机构,机构/执行系统,,2024年中国航天大会论文集SpaceLiner飞行器为代表下一代空天飞行器概念，可以解决民航客机远距离客运飞行时间过长的问题，其远距离水平滑翔降落的特点充分节省了燃料，但是在高空段由于其大曲率的端头…,D3_跨域变构飞行器变形方案设计及气动特性分析_安英韬,2,2024 年中国航天大会论文集 SpaceLiner飞行器为代表下一代空天飞行器概念，可 以解决民航客机远距离客运飞行时间过长的问题， 其远距离水平滑翔降落的特点充分节省了燃料，但 是在高空段由于其大曲率的端头和展开翼的存在会 面临较大的防热压力。 传统飞行器性能提升面临天花板，变形飞行器 利用新的技术途径，可显著提升飞行性能、拓展任 务剖面，意义重大且发展潜力突出[10]。由此，笔者 提出了一种可变构型的空天飞行器设计方案，通过,1,1,0.9,已规范化
SE0193,智能材料驱动,机构/执行系统,,件、智能材料驱动实现变构的设计方案。基于对飞,D1_空天变构飞行技术研究现状与未来发展研判_刘思佳,3,件、智能材料驱动实现变构的设计方案。基于对飞,1,5,0.95,已规范化
SE0194,机构设计,机构/执行系统,,究、结构机构设计研究。在气动特性研究中，重点分析了单-双折叠翼变体飞行器,D4_单-双折叠翼变体飞行器总体设计研究_郭廷宇,5,究、结构机构设计研究。在气动特性研究中，重点分析了单-双折叠翼变体飞行器,1,20,0.95,已规范化
SE0195,气动力驱动变体,机构/执行系统,气动力驱动；气动驱动变体,飞行器使用气动力驱动变体，在获得50%变展长能力的同时，极大降低了变体所,D4_单-双折叠翼变体飞行器总体设计研究_郭廷宇,5,飞行器使用气动力驱动变体，在获得50%变展长能力的同时，极大降低了变体所,3,43,0.95,已规范化
SE0196,液压驱动器,机构/执行系统,,航空学报629595-5装置(AdaptiveTrailingEdgeDevice，ATED)可以实现后缘的智能变弯度，有效降低了飞行油耗［15］。项目过程中开展了多次风洞试验，充分验证了前缘、后缘、…,D6_变体飞行器变形方式及气动布局设计关键技术研究进展,5,航 空 学 报 629595-5 装置(Adaptive Trailing Edge Device， ATED)可以 实现后缘的智能变弯度，有效降低了飞行油耗 ［15］。 项目过程中开展了多次风洞试验，充分验证了前 缘、后缘、翼梢变形的可行性。 2014 年，NASA 组织开展了自适应柔性后缘 (Adaptive Compliant Trailing Edge， ACTE)项 目 ［16］。在湾流飞机上安装ACTE 襟翼来实现后 缘连续,1,1,0.9,已规范化
SE0197,结构机构设计,机构/执行系统,,究、结构机构设计研究。在气动特性研究中，重点分析了单-双折叠翼变体飞行器,D4_单-双折叠翼变体飞行器总体设计研究_郭廷宇,5,究、结构机构设计研究。在气动特性研究中，重点分析了单-双折叠翼变体飞行器,1,20,0.95,已规范化
SE0198,自适应后缘装置,机构/执行系统,adaptive trailing edge,装置(AdaptiveTrailingEdgeDevice，ATED)可以,D6_变体飞行器变形方式及气动布局设计关键技术研究进展,5,装置(Adaptive Trailing Edge Device， ATED)可以,2,1,0.9,已规范化
SE0199,运动机构,机构/执行系统,,段与内翼段连接处的运动机构实现机翼后掠角,D6_变体飞行器变形方式及气动布局设计关键技术研究进展,2,段与内翼段连接处的运动机构实现机翼后掠角,1,2,0.9,已规范化
SE0200,驱动机构,机构/执行系统,,变形驱动机构和局部结构加强，质量代价大,D1_空天变构飞行技术研究现状与未来发展研判_刘思佳,2,变形驱动机构和局部结构加强，质量代价大,1,6,0.95,已规范化
SE0201,主动控制,控制方法,,十分复杂，重心的稳定甚至需要依靠主动控制技,D6_变体飞行器变形方式及气动布局设计关键技术研究进展,22,十分复杂，重心的稳定甚至需要依靠主动控制技,1,1,0.9,已规范化
SE0202,主动流动控制,控制方法,,宽域高超声速变构飞行器高效主动流动控制方,D6_变体飞行器变形方式及气动布局设计关键技术研究进展,30,宽域高超声速变构飞行器高效主动流动控制方,1,1,0.9,已规范化
SE0203,俯仰控制,控制方法,,比，偏转弹头导弹具有更高的俯仰控制效率(见,D6_变体飞行器变形方式及气动布局设计关键技术研究进展,6,比，偏转弹头导弹具有更高的俯仰控制效率(见,1,1,0.9,已规范化
SE0204,偏航控制,控制方法,,偏航控制用于飞行状态调节、姿态保持、配平或变构过程控制。,待人工补充,,,1,0,0.6,已规范化
SE0205,前缘控制面,控制方法,,前缘控制面用于飞行状态调节、姿态保持、配平或变构过程控制。,待人工补充,,,1,0,0.6,已规范化
SE0206,动力学和控制,控制方法,,念的基础上，进一步开展了单-双折叠翼变体的气动特性研究、动力学和控制研,D4_单-双折叠翼变体飞行器总体设计研究_郭廷宇,5,念的基础上，进一步开展了单-双折叠翼变体的气动特性研究、动力学和控制研,1,17,0.95,已规范化
SE0207,协同射流控制,控制方法,,协同射流控制方案在伸缩机翼上的应用，获得了,D6_变体飞行器变形方式及气动布局设计关键技术研究进展,30,协同射流控制方案在伸缩机翼上的应用，获得了,1,1,0.9,已规范化
SE0208,发汗冷却,控制方法,,究了一种可以实现发汗冷却的柔性蒙皮结构。,D6_变体飞行器变形方式及气动布局设计关键技术研究进展,30,究了一种可以实现发汗冷却的柔性蒙皮结构。,1,1,0.9,已规范化
SE0209,后缘控制面,控制方法,,尾布局上应用柔性前后缘控制面，试验结果表明,D6_变体飞行器变形方式及气动布局设计关键技术研究进展,3,尾布局上应用柔性前后缘控制面，试验结果表明,1,1,0.9,已规范化
SE0210,增强型自适应前缘,控制方法,,TrailingEdge，WATE)、增强型自适应前缘(En‐,D6_变体飞行器变形方式及气动布局设计关键技术研究进展,4,Trailing Edge， WATE)、增强型自适应前缘(En‐,1,1,0.9,已规范化
SE0211,增益调度控制,控制方法,,增益调度控制用于飞行状态调节、姿态保持、配平或变构过程控制。,待人工补充,,,1,0,0.6,已规范化
SE0212,姿态控制,控制方法,,风扇和姿态控制喷管实现垂直起降和短距离滑,D6_变体飞行器变形方式及气动布局设计关键技术研究进展,26,风扇和姿态控制喷管实现垂直起降和短距离滑,1,1,0.9,已规范化
SE0213,展向自适应机翼,控制方法,,之后，SAW项目还开展了展向自适应机翼技术,D6_变体飞行器变形方式及气动布局设计关键技术研究进展,5,之后，SAW 项目还开展了展向自适应机翼技术,1,1,0.9,已规范化
SE0214,弹头偏转控制,控制方法,,弹头偏转控制用于飞行状态调节、姿态保持、配平或变构过程控制。,待人工补充,,,1,0,0.6,已规范化
SE0215,控制分配,控制方法,,控制分配用于飞行状态调节、姿态保持、配平或变构过程控制。,待人工补充,,,1,0,0.6,已规范化
SE0216,控制律,控制方法,,究与控制律设计验证。研究结果表明：垂直起降,D6_变体飞行器变形方式及气动布局设计关键技术研究进展,25,究与控制律设计验证。研究结果表明：垂直起降,1,2,0.9,已规范化
SE0217,控制技术,控制方法,,料、驱动器、控制技术。而针对偏转弹头气动特,D6_变体飞行器变形方式及气动布局设计关键技术研究进展,8,料、驱动器、控制技术。而针对偏转弹头气动特,1,1,0.9,已规范化
SE0218,控制方案,控制方法,,控制方案，并进一步讨论了变体对于飞机稳定性的影响；在变体的结构机构设计,D4_单-双折叠翼变体飞行器总体设计研究_郭廷宇,5,控制方案，并进一步讨论了变体对于飞机稳定性的影响；在变体的结构机构设计,1,12,0.95,已规范化
SE0219,控制难度,控制方法,,变体的控制难度，对此可以使用多方面的措施进行解决：1)在机翼外形的总,D4_单-双折叠翼变体飞行器总体设计研究_郭廷宇,117,变体的控制难度，对此可以使用多方面的措施进行解决：1)在机翼外形的总,1,1,0.9,已规范化
SE0220,智能控制,控制方法,,体是指基于智能材料、智能控制等技术根据不同,D6_变体飞行器变形方式及气动布局设计关键技术研究进展,2,体是指基于智能材料、智能控制等技术根据不同,1,4,0.95,已规范化
SE0221,柔性前后缘控制面,控制方法,,尾布局上应用柔性前后缘控制面，试验结果表明,D6_变体飞行器变形方式及气动布局设计关键技术研究进展,3,尾布局上应用柔性前后缘控制面，试验结果表明,1,1,0.9,已规范化
SE0222,滑模控制,控制方法,,滑模控制用于飞行状态调节、姿态保持、配平或变构过程控制。,待人工补充,,,1,0,0.6,已规范化
SE0223,滚转控制,控制方法,,20000N·m。经ACADO计算，此时固定机翼副翼可产生的最大滚转控制力矩,D4_单-双折叠翼变体飞行器总体设计研究_郭廷宇,103,20000 N·m。经ACADO 计算，此时固定机翼副翼可产生的最大滚转控制力矩,1,1,0.9,已规范化
SE0224,热防护,控制方法,,来显著降低发射成本。但是由于材料、热防护等技,D3_跨域变构飞行器变形方案设计及气动特性分析_安英韬,1,来显著降低发射成本 。但是由于材料、热防护等技,1,4,0.95,已规范化
SE0225,环境自适应特性,控制方法,,环境自适应特性。飞行器的柔性变形主要包括,D6_变体飞行器变形方式及气动布局设计关键技术研究进展,6,环境自适应特性。飞行器的柔性变形主要包括,1,1,0.9,已规范化
SE0226,等离子体激励,控制方法,,［124］、迎风凹腔、等离子体激励等传统,D6_变体飞行器变形方式及气动布局设计关键技术研究进展,30,［124］、迎风凹腔、等离子体激励等传统,1,1,0.9,已规范化
SE0227,自适应前缘,控制方法,,TrailingEdge，WATE)、增强型自适应前缘(En‐,D6_变体飞行器变形方式及气动布局设计关键技术研究进展,4,Trailing Edge， WATE)、增强型自适应前缘(En‐,1,1,0.9,已规范化
SE0228,自适应后缘,控制方法,,项目，通过采用自适应后缘(AdaptiveTrailing,D6_变体飞行器变形方式及气动布局设计关键技术研究进展,4,项目，通过采用自适应后缘(Adaptive Trailing,1,2,0.9,已规范化
SE0229,自适应控制,控制方法,,自适应控制用于飞行状态调节、姿态保持、配平或变构过程控制。,待人工补充,,,1,0,0.6,已规范化
SE0230,自适应柔性后缘,控制方法,,2014年，NASA组织开展了自适应柔性后缘,D6_变体飞行器变形方式及气动布局设计关键技术研究进展,5,2014 年，NASA 组织开展了自适应柔性后缘,1,1,0.9,已规范化
SE0231,自配平,控制方法,,系数约等于0，即该状态下飞行器可以实现自配平。,D3_跨域变构飞行器变形方案设计及气动特性分析_安英韬,4,系数约等于0，即该状态下飞行器可以实现自配平。,1,1,0.9,已规范化
SE0232,舵面控制,控制方法,,［29］所示，相较于鸭翼舵面控制，偏转弹头控,D6_变体飞行器变形方式及气动布局设计关键技术研究进展,6,［29］所示，相较于鸭翼舵面控制，偏转弹头控,1,2,0.9,已规范化
SE0233,迎风凹腔,控制方法,,［124］、迎风凹腔、等离子体激励等传统,D6_变体飞行器变形方式及气动布局设计关键技术研究进展,30,［124］、迎风凹腔、等离子体激励等传统,1,1,0.9,已规范化
SE0234,逆向射流,控制方法,,。Lü等［123］研究了一种可以实现发汗冷却的柔性蒙皮结构。风洞试验结果表明，该柔性蒙皮能够承受极端热力环境，可以应用于高速变体飞行器的热防护。探索逆向射流［124］、迎风凹腔、等离子体激励等传统流动…,D6_变体飞行器变形方式及气动布局设计关键技术研究进展,30,。Lü 等 ［123］研 究了一种可以实现发汗冷却的柔性蒙皮结构。 风洞试验结果表明，该柔性蒙皮能够承受极端热 力环境，可以应用于高速变体飞行器的热防护。 探索逆向射流 ［124］、迎风凹腔、等离子体激励等传统 流动控制方案 ［125］对飞行器变构型过程时变效应 和非稳态流动的控制效果，对于宽域高超声速飞 行器投入工程应用和型,1,1,0.9,已规范化
SE0235,配平效率,控制方法,,以保证大攻角下降过程中良好的配平效率。,D3_跨域变构飞行器变形方案设计及气动特性分析_安英韬,4,以保证大攻角下降过程中良好的配平效率。,1,1,0.9,已规范化
SE0236,配平能力,控制方法,,纵向稳定性以及相应的配平能力与质心位置密,D3_跨域变构飞行器变形方案设计及气动特性分析_安英韬,4,纵向稳定性以及相应的配平能力与质心位置密,1,1,0.9,已规范化
SE0237,铰接控制面,控制方法,,取代无尾布局前缘和后缘的铰接控制面，并在无,D6_变体飞行器变形方式及气动布局设计关键技术研究进展,3,取代无尾布局前缘和后缘的铰接控制面，并在无,1,1,0.9,已规范化
SE0238,飞行控制,控制方法,,度高，在气动设计、飞行控制、结构机构等多方面均,D1_空天变构飞行技术研究现状与未来发展研判_刘思佳,1,度高，在气动设计、飞行控制、结构机构等多方面均,1,20,0.95,已规范化
SE0239,鲁棒控制,控制方法,,鲁棒控制用于飞行状态调节、姿态保持、配平或变构过程控制。,待人工补充,,,1,0,0.6,已规范化
SE0240,鸭翼舵面控制,控制方法,,［29］所示，相较于鸭翼舵面控制，偏转弹头控,D6_变体飞行器变形方式及气动布局设计关键技术研究进展,6,［29］所示，相较于鸭翼舵面控制，偏转弹头控,1,2,0.9,已规范化
SE0241,主动气动弹性,性能指标,,性变体、设计主动气动弹性机翼、到聚焦柔性变形,D1_空天变构飞行技术研究现状与未来发展研判_刘思佳,2,性变体、设计主动气动弹性机翼、到聚焦柔性变形,1,5,0.95,已规范化
SE0242,低空低马赫数滑翔,性能指标,,2024年中国航天大会论文集图14折叠构型荷兰滚模态判据曲线3.2.3展开构型亚声速飞行横向静稳定性对于展开构型，讨论其在亚声速飞行状态下的横向稳定性。图15给出了在0.4Ma和0.8Ma的亚声速…,D3_跨域变构飞行器变形方案设计及气动特性分析_安英韬,6,2024 年中国航天大会论文集 图14 折叠构型荷兰滚模态判据曲线 3.2.3 展开构型亚声速飞行横向静稳定性 对于展开构型，讨论其在亚声速飞行状态下的 横向稳定性。图 15给出了在 0.4 Ma  和 0.8 Ma  的 亚声速条件下展开构型横向气动导数随攻角变化曲 线。可以看出，在0°～90°攻角下，𝐶௟ఉ始终为负，表 明展开构型在亚声速条件下横向是静稳定的。 图15 展开构型横向气动导数 3.2.4 展开构型,1,1,0.9,已规范化
SE0243,低速性能,性能指标,,对起降跑道的要求，提高起降过载，提高低速性能，如实现大展弦比无人机在,D4_单-双折叠翼变体飞行器总体设计研究_郭廷宇,46,对起降跑道的要求，提高起降过载，提高低速性能，如实现大展弦比无人机在,1,2,0.9,已规范化
SE0244,低阻高升特性,性能指标,,低阻高升特性是评价飞行器气动、结构、稳定性或任务能力的重要指标。,待人工补充,,,1,0,0.6,已规范化
SE0245,低马赫数,性能指标,,在大攻角下实现稳定飞行。展开构型在低马赫数下呈现出高升阻比特性，利于低空滑翔。在跨域飞行中，通过变构技术将两,D3_跨域变构飞行器变形方案设计及气动特性分析_安英韬,1,在大攻角下实现稳定飞行。展开构型在低马赫数下呈现出高升阻比特性，利于低空滑翔。在跨域飞行中，通过变构技术将两,1,5,0.95,已规范化
SE0246,侧滑角,性能指标,,行分析，在计算时需要计入侧滑角的影响，因此在,D3_跨域变构飞行器变形方案设计及气动特性分析_安英韬,2,行分析，在计算时需要计入侧滑角的影响，因此在,1,4,0.95,已规范化
SE0247,俯仰力矩,性能指标,,下，折叠构型的俯仰力矩系数随攻角的变化曲线。,D3_跨域变构飞行器变形方案设计及气动特性分析_安英韬,4,下，折叠构型的俯仰力矩系数随攻角的变化曲线。,1,20,0.95,已规范化
SE0248,俯仰力矩系数,性能指标,,下，折叠构型的俯仰力矩系数随攻角的变化曲线。,D3_跨域变构飞行器变形方案设计及气动特性分析_安英韬,4,下，折叠构型的俯仰力矩系数随攻角的变化曲线。,1,7,0.95,已规范化
SE0249,减小阻力,性能指标,,翼的阻力产生的弯矩和扭矩，这部分变形可以通过气动优化减小阻力来改善。,D4_单-双折叠翼变体飞行器总体设计研究_郭廷宇,116,翼的阻力产生的弯矩和扭矩，这部分变形可以通过气动优化减小阻力来改善。,1,3,0.95,已规范化
SE0250,前掠角,性能指标,,变前掠角以达到最优气动性能。在超声速巡航,D6_变体飞行器变形方式及气动布局设计关键技术研究进展,14,变前掠角以达到最优气动性能。在超声速巡航,1,4,0.95,已规范化
SE0251,力矩,性能指标,,下，折叠构型的俯仰力矩系数随攻角的变化曲线。,D3_跨域变构飞行器变形方案设计及气动特性分析_安英韬,4,下，折叠构型的俯仰力矩系数随攻角的变化曲线。,1,20,0.95,已规范化
SE0252,动压最大值,性能指标,,行高度从50km(此刻接近再入过程动压最大值)到,D3_跨域变构飞行器变形方案设计及气动特性分析_安英韬,3,行高度从50 km(此刻接近再入过程动压最大值)到,1,1,0.9,已规范化
SE0253,动态气动力,性能指标,,估、气动布局方案优化、多学科耦合设计等方面的关键技术难点，重点对变体飞行器动态气动力计算方法和气动优化设,D6_变体飞行器变形方式及气动布局设计关键技术研究进展,1,估、气动布局方案优化、多学科耦合设计等方面的关键技术难点，重点对变体飞行器动态气动力计算方法和气动优化设,1,2,0.9,已规范化
SE0254,升力,性能指标,,变形加速度对非定常升力系数的影响情况。陈钱等,D1_空天变构飞行技术研究现状与未来发展研判_刘思佳,2,变形加速度对非定常升力系数的影响情况。陈钱等,1,20,0.95,已规范化
SE0255,升力系数,性能指标,,变形加速度对非定常升力系数的影响情况。陈钱等,D1_空天变构飞行技术研究现状与未来发展研判_刘思佳,2,变形加速度对非定常升力系数的影响情况。陈钱等,1,20,0.95,已规范化
SE0256,升阻比,性能指标,lift-to-drag ratio,"unfolded configuration demonstrates a high lift-to-drag ratio characteristic at low Mach numbers, fa…",D3_跨域变构飞行器变形方案设计及气动特性分析_安英韬,7,"unfolded configuration demonstrates a high lift-to-drag ratio characteristic at low Mach numbers, facilitating low-altitude gliding.",2,24,0.95,已规范化
SE0257,受力特性,性能指标,,研究中，分析了变体过程中机翼和机构的传力路径和受力特性，并进一步以“全,D4_单-双折叠翼变体飞行器总体设计研究_郭廷宇,5,研究中，分析了变体过程中机翼和机构的传力路径和受力特性，并进一步以“全,1,7,0.95,已规范化
SE0258,后掠角,性能指标,,变后掠随速度变化后掠角，适用于兼顾低速和高速性能的宽域飞行,D1_空天变构飞行技术研究现状与未来发展研判_刘思佳,2,变后掠 随速度变化后掠角，适用于兼顾低速和高速性能的宽域飞行,1,20,0.95,已规范化
SE0259,多任务飞行性能,性能指标,,航空学报629595-30宽速域下的气动特性和操稳特性研究提供了参考价值。此外，一方面，宽域高超声速变构飞行器在高超声速飞行过程中面临复杂的力/热环境，伴随着严重的气动加热和阻力激增等问题。另一方面，…,D6_变体飞行器变形方式及气动布局设计关键技术研究进展,30,航 空 学 报 629595-30 宽速域下的气动特性和操稳特性研究提供了参 考价值。 此外，一方面，宽域高超声速变构飞行器在 高超声速飞行过程中面临复杂的力/热环境，伴 随着严重的气动加热和阻力激增等问题。另一 方面，变构过程各部件之间存在的气动干扰会导 致变构部位热流沉积和气动特性恶化，亟需建立 宽域高超声速变构飞行器高效主动流动控制方 案。目前针对宽域高超声速变构飞行器主动流 动控制方案研究相对较少。Kanat 等 ［122］开展,1,1,0.9,已规范化
SE0260,多飞行任务性能,性能指标,,行需求，探索可以提高多飞行任务性能的新概念变形方式，建立智能变体设计模型及多学科强耦合一体化设计体系将成,D6_变体飞行器变形方式及气动布局设计关键技术研究进展,1,行需求，探索可以提高多飞行任务性能的新概念变形方式，建立智能变体设计模型及多学科强耦合一体化设计体系将成,1,1,0.9,已规范化
SE0261,大展弦比长航时,性能指标,,大展弦比长航时飞行器在飞行器发展中占有重要地位。对于亚声速飞行器来,D4_单-双折叠翼变体飞行器总体设计研究_郭廷宇,5,大展弦比长航时飞行器在飞行器发展中占有重要地位。对于亚声速飞行器来,1,17,0.95,已规范化
SE0262,大攻角,性能指标,,在大攻角下实现稳定飞行。展开构型在低马赫数下呈现出高升阻比特性，利于低空滑翔。在跨域飞行中，通过变构技术将两,D3_跨域变构飞行器变形方案设计及气动特性分析_安英韬,1,在大攻角下实现稳定飞行。展开构型在低马赫数下呈现出高升阻比特性，利于低空滑翔。在跨域飞行中，通过变构技术将两,1,17,0.95,已规范化
SE0263,失速攻角,性能指标,,图4.9上下机翼处于不同位置时机翼的失速攻角.......................................43,D4_单-双折叠翼变体飞行器总体设计研究_郭廷宇,12,图 4.9 上下机翼处于不同位置时机翼的失速攻角 ....................................... 43,1,20,0.95,已规范化
SE0264,局部气动干扰,性能指标,,承受较大载荷并导致局部气动干扰。在20世纪,D6_变体飞行器变形方式及气动布局设计关键技术研究进展,2,承受较大载荷并导致局部气动干扰。在20 世纪,1,2,0.9,已规范化
SE0265,局部热流,性能指标,,部形状对于降低激波阻力、减小头部局部热流、,D6_变体飞行器变形方式及气动布局设计关键技术研究进展,6,部形状对于降低激波阻力、减小头部局部热流、,1,2,0.9,已规范化
SE0266,展弦比,性能指标,aspect ratio,High aspect ratio long-endurance aircraft plays an important role in the,D4_单-双折叠翼变体飞行器总体设计研究_郭廷宇,6,High aspect ratio long-endurance aircraft plays an important role in the,2,34,0.95,已规范化
SE0267,巡航效率,性能指标,提高巡航效率,项目，采用新型形状记忆合金设计固态驱动器代替液压驱动器，使得驱动机构重量减小80%［17］。验证机(见图9［18］)的多次飞行试验证明了该项技术可以提高巡航效率，减小飞行阻力［19］。SAW项目主要是…,D6_变体飞行器变形方式及气动布局设计关键技术研究进展,5,项目， 采用新型形状记忆合金设计固态驱动器代替液 压驱动器，使得驱动机构重量减小80% ［17］。验证 机(见图9 ［18］)的多次飞行试验证明了该项技术可 以提高巡航效率，减小飞行阻力 ［19］。SAW 项目 主要是驱动器上的更新，与布局发展关系不大。 之后，SAW 项目还开展了展向自适应机翼技术 在F-18 飞机上的应用研究。,2,2,0.9,已规范化
SE0268,性能增幅,性能指标,,性能增幅与可能付出的代价(尤其是重量的增,D6_变体飞行器变形方式及气动布局设计关键技术研究进展,30,性能增幅与可能付出的代价(尤其是重量的增,1,1,0.9,已规范化
SE0269,性能收益,性能指标,,等方面付出过高的代价，进而抵消了变体带来的性能收益。,D4_单-双折叠翼变体飞行器总体设计研究_郭廷宇,5,等方面付出过高的代价，进而抵消了变体带来的性能收益。,1,1,0.9,已规范化
SE0270,性能缺陷,性能指标,,展弦比飞行器的性能缺陷，但现有的变展长变体技术往往在结构增重、空间侵占,D4_单-双折叠翼变体飞行器总体设计研究_郭廷宇,5,展弦比飞行器的性能缺陷，但现有的变展长变体技术往往在结构增重、空间侵占,1,1,0.9,已规范化
SE0271,提高气动性能,性能指标,,翼扭转和增加机翼弯度，进而提高气动性能，该,D6_变体飞行器变形方式及气动布局设计关键技术研究进展,5,翼扭转和增加机翼弯度，进而提高气动性能，该,1,1,0.9,已规范化
SE0272,提高飞行性能,性能指标,,动弹性机翼的应用有利于提高飞行性能和经济,D6_变体飞行器变形方式及气动布局设计关键技术研究进展,3,动弹性机翼的应用有利于提高飞行性能和经济,1,3,0.95,已规范化
SE0273,摩擦阻力,性能指标,,零升阻力的主要组成部分是摩擦阻力，减阻比较困难，而诱导阻力则反比于飞机,D4_单-双折叠翼变体飞行器总体设计研究_郭廷宇,20,零升阻力的主要组成部分是摩擦阻力，减阻比较困难，而诱导阻力则反比于飞机,1,4,0.95,已规范化
SE0274,操稳特性,性能指标,,5.3变体对飞机操稳特性的影响和失效安全性..........................................82,D4_单-双折叠翼变体飞行器总体设计研究_郭廷宇,9,5.3 变体对飞机操稳特性的影响和失效安全性 .......................................... 82,1,12,0.95,已规范化
SE0275,操纵力矩,性能指标,,较大的操纵力矩。此外，与鸭翼舵面控制导弹相,D6_变体飞行器变形方式及气动布局设计关键技术研究进展,6,较大的操纵力矩。此外，与鸭翼舵面控制导弹相,1,2,0.9,已规范化
SE0276,操纵性能,性能指标,提高操纵性能,飞机的抗风性能、过载性能和操纵性能。由此可以实现大展弦比长航时飞行器,D4_单-双折叠翼变体飞行器总体设计研究_郭廷宇,122,飞机的抗风性能、过载性能和操纵性能。由此可以实现大展弦比长航时飞行器,2,5,0.95,已规范化
SE0277,改善飞行性能,性能指标,,改善飞行性能，进而满足多任务飞行需求，但与此,D1_空天变构飞行技术研究现状与未来发展研判_刘思佳,3,改善飞行性能，进而满足多任务飞行需求，但与此,1,1,0.9,已规范化
SE0278,攻角,性能指标,,不同攻角下的升阻特性、飞行稳定性进行了分析及对比。结果表明，折叠构型在高空高速条件下具备优良的减速性能，并可,D3_跨域变构飞行器变形方案设计及气动特性分析_安英韬,1,不同攻角下的升阻特性、飞行稳定性进行了分析及对比。结果表明，折叠构型在高空高速条件下具备优良的减速性能，并可,1,20,0.95,已规范化
SE0279,时变空气动力学效应,性能指标,,形飞行器进行对比，梳理了变体飞行器因为变构型的实现而衍生的气动布局与总体协调设计、时变空气动力学效应评,D6_变体飞行器变形方式及气动布局设计关键技术研究进展,1,形飞行器进行对比，梳理了变体飞行器因为变构型的实现而衍生的气动布局与总体协调设计、时变空气动力学效应评,1,2,0.9,已规范化
SE0280,最大升力,性能指标,,在高超声速及超声速飞行状态下，最大升力出现在,D3_跨域变构飞行器变形方案设计及气动特性分析_安英韬,3,在高超声速及超声速飞行状态下，最大升力出现在,1,20,0.95,已规范化
SE0281,最大升力系数,性能指标,,图4.8上下机翼处于不同位置时机翼的最大升力系数................................42,D4_单-双折叠翼变体飞行器总体设计研究_郭廷宇,12,图 4.8 上下机翼处于不同位置时机翼的最大升力系数 ................................ 42,1,20,0.95,已规范化
SE0282,最大升阻比,性能指标,,行的最大升阻比出现20°～30°攻角区间，也仅为,D3_跨域变构飞行器变形方案设计及气动特性分析_安英韬,3,行的最大升阻比出现20°～30°攻角区间，也仅为,1,4,0.95,已规范化
SE0283,机动性能,性能指标,,更好的抗侧风、突风能力和更强的空中机动性能，有效地克服了大展弦比飞行器,D4_单-双折叠翼变体飞行器总体设计研究_郭廷宇,43,更好的抗侧风、突风能力和更强的空中机动性能，有效地克服了大展弦比飞行器,1,3,0.95,已规范化
SE0284,机动载荷,性能指标,,航空学报629595-3变形来提高气动效率，变体设计方案如图2［5］所示，飞行试验结果表明自适应机翼在设计巡航点阻力减少了约7%，非设计点的阻力减少了20%以上［5］。1985年，NASA与洛克韦尔公…,D6_变体飞行器变形方式及气动布局设计关键技术研究进展,3,航 空 学 报 629595-3 变形来提高气动效率，变体设计方案如图2 ［5］所 示，飞行试验结果表明自适应机翼在设计巡航点 阻力减少了约7%，非设计点的阻力减少了20% 以上 ［5］。 1985 年，NASA 与洛克韦尔公司合作开展了 主动柔性机翼(Active Flexible Wing， AFW)项 目 ［6］，1996 年扩展为主动气动弹性机翼(Active Aeroelastic Wing， AAW)计划 ［7］。该项目采,1,1,0.9,已规范化
SE0285,栖息机动能力,性能指标,,航空学报629595-30宽速域下的气动特性和操稳特性研究提供了参考价值。此外，一方面，宽域高超声速变构飞行器在高超声速飞行过程中面临复杂的力/热环境，伴随着严重的气动加热和阻力激增等问题。另一方面，…,D6_变体飞行器变形方式及气动布局设计关键技术研究进展,30,航 空 学 报 629595-30 宽速域下的气动特性和操稳特性研究提供了参 考价值。 此外，一方面，宽域高超声速变构飞行器在 高超声速飞行过程中面临复杂的力/热环境，伴 随着严重的气动加热和阻力激增等问题。另一 方面，变构过程各部件之间存在的气动干扰会导 致变构部位热流沉积和气动特性恶化，亟需建立 宽域高超声速变构飞行器高效主动流动控制方 案。目前针对宽域高超声速变构飞行器主动流 动控制方案研究相对较少。Kanat 等 ［122］开展,1,1,0.9,已规范化
SE0286,梢根比,性能指标,,图4.30不同梢根比的双翼升力和阻力对比................................................56,D4_单-双折叠翼变体飞行器总体设计研究_郭廷宇,13,图 4.30 不同梢根比的双翼升力和阻力对比 ................................................ 56,1,20,0.95,已规范化
SE0287,横向气动导数,性能指标,,折叠构型在高超声速状态下的横向气动导数，如图,D3_跨域变构飞行器变形方案设计及气动特性分析_安英韬,5,折叠构型在高超声速状态下的横向气动导数，如图,1,2,0.9,已规范化
SE0288,横向稳定性,性能指标,,24年中国航天大会论文集图14折叠构型荷兰滚模态判据曲线3.2.3展开构型亚声速飞行横向静稳定性对于展开构型，讨论其在亚声速飞行状态下的横向稳定性。图15给出了在0.4Ma和0.8Ma的亚声速条件…,D3_跨域变构飞行器变形方案设计及气动特性分析_安英韬,6,24 年中国航天大会论文集 图14 折叠构型荷兰滚模态判据曲线 3.2.3 展开构型亚声速飞行横向静稳定性 对于展开构型，讨论其在亚声速飞行状态下的 横向稳定性。图 15给出了在 0.4 Ma  和 0.8 Ma  的 亚声速条件下展开构型横向气动导数随攻角变化曲 线。可以看出，在0°～90°攻角下，𝐶௟ఉ始终为负,1,1,0.9,已规范化
SE0289,横向静稳定性,性能指标,,3.2.1折叠构型高超声速飞行横向静稳定性,D3_跨域变构飞行器变形方案设计及气动特性分析_安英韬,5,3.2.1 折叠构型高超声速飞行横向静稳定性,1,2,0.9,已规范化
SE0290,气动中心,性能指标,,图4.47变体过程中飞机的气动中心变化情况.............................................67,D4_单-双折叠翼变体飞行器总体设计研究_郭廷宇,14,图 4.47 变体过程中飞机的气动中心变化情况 ............................................. 67,1,17,0.95,已规范化
SE0291,气动力,性能指标,,梳理与分析，认为在该专业领域，时变空气动力学,D1_空天变构飞行技术研究现状与未来发展研判_刘思佳,2,梳理与分析，认为在该专业领域，时变空气动力学,1,20,0.95,已规范化
SE0292,气动力矩,性能指标,,的偏转来改变机翼的流场结构，进而改变机翼的气动力和气动力矩，驱动机翼,D4_单-双折叠翼变体飞行器总体设计研究_郭廷宇,49,的偏转来改变机翼的流场结构，进而改变机翼的气动力和气动力矩，驱动机翼,1,5,0.95,已规范化
SE0293,气动力计算状态,性能指标,,Ma到0.4Ma，每个飞行高度计算了从0°到90°共10个攻角状态。为了对飞行稳定性进行分析，计算时引入了5°侧滑角，具体计算状态见表1。表1气动力计算状态高度/km马赫数攻角范围/(°)侧滑角/(°…,D3_跨域变构飞行器变形方案设计及气动特性分析_安英韬,3,Ma到0.4 Ma，每个飞行高度 计算了从0°到90°共10个攻角状态。为了对飞行稳定 性进行分析，计算时引入了5°侧滑角，具体计算状态 见表 1。 表1 气动力计算状态 高度/km 马赫数 攻角范围/(°) 侧滑角/(°) 50 12 0~90 5 25 6 0~90 5 10 2 0~90 5,1,1,0.9,已规范化
SE0294,气动加热,性能指标,,随着严重的气动加热和阻力激增等问题。另一,D6_变体飞行器变形方式及气动布局设计关键技术研究进展,30,随着严重的气动加热和阻力激增等问题。另一,1,2,0.9,已规范化
SE0295,气动外形,性能指标,,气动布局设计包括气动外形的设计、飞行器布,D1_空天变构飞行技术研究现状与未来发展研判_刘思佳,1,气动布局设计包括气动外形的设计、飞行器布,1,18,0.95,已规范化
SE0296,气动干扰,性能指标,,前一直在飞机中占据主导地位。但由于双翼之间的气动干扰和支柱等结构带来,D4_单-双折叠翼变体飞行器总体设计研究_郭廷宇,52,前一直在飞机中占据主导地位。但由于双翼之间的气动干扰和支柱等结构带来,1,13,0.95,已规范化
SE0297,气动弹性,性能指标,,性变体、设计主动气动弹性机翼、到聚焦柔性变形,D1_空天变构飞行技术研究现状与未来发展研判_刘思佳,2,性变体、设计主动气动弹性机翼、到聚焦柔性变形,1,15,0.95,已规范化
SE0298,气动弹性耦合,性能指标,,并减小噪声。随着电推进技术的日益成熟，多桨倾转机翼电驱动飞行器将是新构型高速旋翼飞行器发展的重要方向之一［92］。但是，倾转机翼飞行器面临着机翼/旋翼气动弹性耦合特性分析［93］、过渡模式动力学建模［…,D6_变体飞行器变形方式及气动布局设计关键技术研究进展,26,并减小噪声。随 着电推进技术的日益成熟，多桨倾转机翼电驱动 飞行器将是新构型高速旋翼飞行器发展的重要 方向之一 ［92］。但是，倾转机翼飞行器面临着机 翼/旋翼气动弹性耦合特性分析 ［93］、过渡模式动 力学建模 ［94］等关键技术难题，亟需开展过渡模式 下气动弹性、气动性能、操稳特性等 ［95-96］相关 研究。 2. 3 动力,1,1,0.9,已规范化
SE0299,气动性能,性能指标,气动特性；空气动力学特性；aerodynamic performance,4.2.2双翼的二维空气动力学特性.........................................................35,D4_单-双折叠翼变体飞行器总体设计研究_郭廷宇,9,4.2.2 双翼的二维空气动力学特性 ......................................................... 35,4,52,0.95,已规范化
SE0300,气动收益,性能指标,,气动收益。此外，还存在非连续蒙皮变形使局部应,D1_空天变构飞行技术研究现状与未来发展研判_刘思佳,4,气动收益。此外，还存在非连续蒙皮变形使局部应,1,5,0.95,已规范化
SE0301,气动效率,性能指标,,的角度论成本。单纯追求气动效率与飞行性能的极,D1_空天变构飞行技术研究现状与未来发展研判_刘思佳,4,的角度论成本。单纯追求气动效率与飞行性能的极,1,17,0.95,已规范化
SE0302,气动特性恶化,性能指标,,致变构部位热流沉积和气动特性恶化，亟需建立,D6_变体飞行器变形方式及气动布局设计关键技术研究进展,30,致变构部位热流沉积和气动特性恶化，亟需建立,1,1,0.9,已规范化
SE0303,气动补偿措施,性能指标,,航空学报629595-10型成果。F-14采用双垂尾正常式气动布局，能根据飞行状态自动调整后掠角。可变后掠机翼飞行器的设计存在2个问题：驱动结构增加飞机重量、结构复杂度，气动中心在变后掠过程中的大幅度…,D6_变体飞行器变形方式及气动布局设计关键技术研究进展,10,航 空 学 报 629595-10 型成果。F-14 采用双垂尾正常式气动布局，能根 据飞行状态自动调整后掠角。 可变后掠机翼飞行器的设计存在2 个问题： 驱动结构增加飞机重量、结构复杂度，气动中心 在变后掠过程中的大幅度变化严重影响整机的 操稳性能。针对气动中心的变化往往会采取气 动补偿措施，如F-14 飞机在机翼固定段前缘设计 了可动扇翼维持气动中心变化时的俯仰平衡。 前期可变后掠机翼的应用基本针对常规布局飞 行器，未对气动布局形式,1,1,0.9,已规范化
SE0304,气动设计,性能指标,,度高，在气动设计、飞行控制、结构机构等多方面均,D1_空天变构飞行技术研究现状与未来发展研判_刘思佳,1,度高，在气动设计、飞行控制、结构机构等多方面均,1,15,0.95,已规范化
SE0305,气动载荷,性能指标,,蒙皮很厚，腹板较多，翼肋较少，蒙皮的气动载荷直接传递给腹板，再通过腹,D4_单-双折叠翼变体飞行器总体设计研究_郭廷宇,118,蒙皮很厚，腹板较多，翼肋较少，蒙皮的气动载荷直接传递给腹板，再通过腹,1,6,0.95,已规范化
SE0306,流动分离,性能指标,,飞行，流动分离和非定常效应明显，阻力系数显著,D3_跨域变构飞行器变形方案设计及气动特性分析_安英韬,3,飞行，流动分离和非定常效应明显，阻力系数显著,1,10,0.95,已规范化
SE0307,流场,性能指标,,对无粘不可压流场中儒科夫斯基翼型厚度、弯度的,D1_空天变构飞行技术研究现状与未来发展研判_刘思佳,2,对无粘不可压流场中儒科夫斯基翼型厚度、弯度的,1,20,0.95,已规范化
SE0308,流场变化,性能指标,,航空学报629595-6结构［24］等实现机翼局部或者大面积的柔性变形，进而提高变体飞行器的气动和操稳特性；另一方面通过智能控制技术［25］充分发挥变体飞行器的环境自适应特性。飞行器的柔性变形主要包括…,D6_变体飞行器变形方式及气动布局设计关键技术研究进展,6,航 空 学 报 629595-6 结构 ［24］等实现机翼局部或者大面积的柔性变形， 进而提高变体飞行器的气动和操稳特性；另一方 面通过智能控制技术 ［25］充分发挥变体飞行器的 环境自适应特性。飞行器的柔性变形主要包括 机翼连续变弯度和机翼扭转。这一阶段的变体 技术在多种气动布局形式上都有所应用，满足了 提高飞行性能的需求。 2 不同部位变体技术研究进展 飞行器不同部位的变形会带来不同的性能 增益。本节将按照变形部位分类综述飞行器头,1,1,0.9,已规范化
SE0309,流场建模,性能指标,,流场建模时采用全模进行建模。首先生成壁面的,D3_跨域变构飞行器变形方案设计及气动特性分析_安英韬,2,流场建模时采用全模进行建模。首先生成壁面的,1,1,0.9,已规范化
SE0310,滚转力矩,性能指标,,图5.6变体过程中产生的滚转力矩.............................................................84,D4_单-双折叠翼变体飞行器总体设计研究_郭廷宇,15,图 5.6 变体过程中产生的滚转力矩 ............................................................. 84,1,13,0.95,已规范化
SE0311,激波阻力,性能指标,,速飞行时则机翼向后转动，此时飞机的后掠角增大，有利于降低激波阻力，提高,D4_单-双折叠翼变体飞行器总体设计研究_郭廷宇,25,速飞行时则机翼向后转动，此时飞机的后掠角增大，有利于降低激波阻力，提高,1,5,0.95,已规范化
SE0312,热流分布,性能指标,,利于在再入段快速减速。同时由于其机翼收起，相较于传统的航天飞机采用40°攻角的姿态进行再入飞行的情况，有望降低翼面峰值热流(图6)。(a)展开构型热流分布1776,D3_跨域变构飞行器变形方案设计及气动特性分析_安英韬,3,利于在再入段快速减速。同时由于 其机翼收起，相较于传统的航天飞机采用40°攻角 的姿态进行再入飞行的情况，有望降低翼面峰值 热流(图6)。 (a)展开构型热流分布 1776,1,2,0.9,已规范化
SE0313,热流分布计算,性能指标,,热流分布计算是评价飞行器气动、结构、稳定性或任务能力的重要指标。,待人工补充,,,1,0,0.6,已规范化
SE0314,热流沉积,性能指标,,热流沉积、偏转和旋转过程的非定常效应是推动,D6_变体飞行器变形方式及气动布局设计关键技术研究进展,8,热流沉积、偏转和旋转过程的非定常效应是推动,1,3,0.95,已规范化
SE0315,燃油效率,性能指标,,大展弦比机翼飞机在燃油效率、高升阻比方,D6_变体飞行器变形方式及气动布局设计关键技术研究进展,19,大展弦比机翼飞机在燃油效率、高升阻比方,1,4,0.95,已规范化
SE0316,燃油消耗,性能指标,降低油耗,燃油消耗是评价飞行器气动、结构、稳定性或任务能力的重要指标。,待人工补充,,,1,0,0.6,已规范化
SE0317,纵向压心系数,性能指标,,的亚声速条件下纵向压心系数随攻角的变化曲线。,D3_跨域变构飞行器变形方案设计及气动特性分析_安英韬,5,的亚声速条件下纵向压心系数随攻角的变化曲线。,1,1,0.9,已规范化
SE0318,纵向稳定性,性能指标,,3.1.1折叠构型高超声速飞行纵向稳定性,D3_跨域变构飞行器变形方案设计及气动特性分析_安英韬,4,3.1.1 折叠构型高超声速飞行纵向稳定性,1,4,0.95,已规范化
SE0319,纵向静稳定性,性能指标,,翼方案。3种变形方案纵向静稳定性品质均较高，,D6_变体飞行器变形方式及气动布局设计关键技术研究进展,10,翼方案。3 种变形方案纵向静稳定性品质均较高，,1,4,0.95,已规范化
SE0320,翼尖涡,性能指标,,图4.53变体开始阶段机翼的压力分布和翼尖涡情况..................................70,D4_单-双折叠翼变体飞行器总体设计研究_郭廷宇,14,图 4.53 变体开始阶段机翼的压力分布和翼尖涡情况 .................................. 70,1,6,0.95,已规范化
SE0321,翼展,性能指标,,可以使飞机在起降和巡航两个飞行阶段拥有不同的翼展和气动外形，进而解决大,D4_单-双折叠翼变体飞行器总体设计研究_郭廷宇,5,可以使飞机在起降和巡航两个飞行阶段拥有不同的翼展和气动外形，进而解决大,1,20,0.95,已规范化
SE0322,翼展比,性能指标,,图4.32双翼机的翼展比示意......................................................................57,D4_单-双折叠翼变体飞行器总体设计研究_郭廷宇,13,图 4.32 双翼机的翼展比示意 ...................................................................... 57,1,19,0.95,已规范化
SE0323,航向气动导数,性能指标,,况，因此，不能简单从航向气动导数来判定飞行器,D3_跨域变构飞行器变形方案设计及气动特性分析_安英韬,5,况，因此，不能简单从航向气动导数来判定飞行器,1,2,0.9,已规范化
SE0324,航向稳定性,性能指标,,2024年中国航天大会论文集图14折叠构型荷兰滚模态判据曲线3.2.3展开构型亚声速飞行横向静稳定性对于展开构型，讨论其在亚声速飞行状态下的横向稳定性。图15给出了在0.4Ma和0.8Ma的亚声速…,D3_跨域变构飞行器变形方案设计及气动特性分析_安英韬,6,2024 年中国航天大会论文集 图14 折叠构型荷兰滚模态判据曲线 3.2.3 展开构型亚声速飞行横向静稳定性 对于展开构型，讨论其在亚声速飞行状态下的 横向稳定性。图 15给出了在 0.4 Ma  和 0.8 Ma  的 亚声速条件下展开构型横向气动导数随攻角变化曲 线。可以看出，在0°～90°攻角下，𝐶௟ఉ始终为负，表 明展开构型在亚声速条件下横向是静稳定的。 图15 展开构型横向气动导数 3.2.4 展开构型,1,2,0.9,已规范化
SE0325,航向静稳定性,性能指标,,3.2.2折叠构型高超声速飞行航向静稳定性,D3_跨域变构飞行器变形方案设计及气动特性分析_安英韬,5,3.2.2 折叠构型高超声速飞行航向静稳定性,1,4,0.95,已规范化
SE0326,航程,性能指标,,由于有航程需求，升阻比被认为是飞行器气动,D3_跨域变构飞行器变形方案设计及气动特性分析_安英韬,4,由于有航程需求，升阻比被认为是飞行器气动,1,20,0.95,已规范化
SE0327,诱导阻力,性能指标,,说，增大机翼的展弦比，是降低诱导阻力，提高巡航升阻比的最有效手段。但大,D4_单-双折叠翼变体飞行器总体设计研究_郭廷宇,5,说，增大机翼的展弦比，是降低诱导阻力，提高巡航升阻比的最有效手段。但大,1,20,0.95,已规范化
SE0328,质心位置,性能指标,,纵向稳定性以及相应的配平能力与质心位置密,D3_跨域变构飞行器变形方案设计及气动特性分析_安英韬,4,纵向稳定性以及相应的配平能力与质心位置密,1,1,0.9,已规范化
SE0329,起降翼展,性能指标,,图2.7在不同重量代价下，应用变体技术减少了50%起降翼展后RQ-4A的,D4_单-双折叠翼变体飞行器总体设计研究_郭廷宇,12,图 2.7 在不同重量代价下，应用变体技术减少了50%起降翼展后RQ-4A 的,1,20,0.95,已规范化
SE0330,起飞升力,性能指标,,高升力装置的机械变形提高飞机起飞升力，缩短,D6_变体飞行器变形方式及气动布局设计关键技术研究进展,2,高升力装置的机械变形提高飞机起飞升力，缩短,1,1,0.9,已规范化
SE0331,轴向力系数增量,性能指标,,量，ΔCx为轴向力系数增量)、更小的气动阻力。,D6_变体飞行器变形方式及气动布局设计关键技术研究进展,6,量，ΔC x 为轴向力系数增量)、更小的气动阻力。,1,1,0.9,已规范化
SE0332,载荷,性能指标,,在高速高动压下翼面载荷大，折叠/展开困难,D1_空天变构飞行技术研究现状与未来发展研判_刘思佳,2,在高速高动压下翼面载荷大，折叠/展开困难,1,20,0.95,已规范化
SE0333,重心位置,性能指标,,纵向静稳定性与固定翼飞行器相似，随重心位置,D6_变体飞行器变形方式及气动布局设计关键技术研究进展,25,纵向静稳定性与固定翼飞行器相似，随重心位置,1,2,0.9,已规范化
SE0334,重量代价,性能指标,,图2.7在不同重量代价下，应用变体技术减少了50%起降翼展后RQ-4A的,D4_单-双折叠翼变体飞行器总体设计研究_郭廷宇,12,图 2.7 在不同重量代价下，应用变体技术减少了50%起降翼展后RQ-4A 的,1,10,0.95,已规范化
SE0335,阵风,性能指标,,飞机重量、减小阻力、抑制颤振、减缓阵风、机动,D6_变体飞行器变形方式及气动布局设计关键技术研究进展,3,飞机重量、减小阻力、抑制颤振、减缓阵风、机动,1,1,0.9,已规范化
SE0336,阵风响应,性能指标,减缓阵风,航空学报629595-3变形来提高气动效率，变体设计方案如图2［5］所示，飞行试验结果表明自适应机翼在设计巡航点阻力减少了约7%，非设计点的阻力减少了20%以上［5］。1985年，NASA与洛克韦尔公…,D6_变体飞行器变形方式及气动布局设计关键技术研究进展,3,航 空 学 报 629595-3 变形来提高气动效率，变体设计方案如图2 ［5］所 示，飞行试验结果表明自适应机翼在设计巡航点 阻力减少了约7%，非设计点的阻力减少了20% 以上 ［5］。 1985 年，NASA 与洛克韦尔公司合作开展了 主动柔性机翼(Active Flexible Wing， AFW)项 目 ［6］，1996 年扩展为主动气动弹性机翼(Active Aeroelastic Wing， AAW)计划 ［7］。该项目采,2,2,0.9,已规范化
SE0337,阻力,性能指标,降低阻力,的展弦比。因此，提高飞机的展弦比，是飞机降低阻力、增大航程最有效和最直,D4_单-双折叠翼变体飞行器总体设计研究_郭廷宇,20,的展弦比。因此，提高飞机的展弦比，是飞机降低阻力、增大航程最有效和最直,2,24,0.95,已规范化
SE0338,阻力系数,性能指标,,阻力系数下降；从结构专业的角度出发，回答实现,D1_空天变构飞行技术研究现状与未来发展研判_刘思佳,4,阻力系数下降；从结构专业的角度出发，回答实现,1,20,0.95,已规范化
SE0339,零升攻角,性能指标,,图4.5上下机翼处于不同位置时机翼的零升攻角.......................................39,D4_单-双折叠翼变体飞行器总体设计研究_郭廷宇,12,图 4.5 上下机翼处于不同位置时机翼的零升攻角 ....................................... 39,1,20,0.95,已规范化
SE0340,零升阻力,性能指标,,图2.3固定翼飞机在不同巡航升力系数和零升阻力系数下对应的气动最优展,D4_单-双折叠翼变体飞行器总体设计研究_郭廷宇,11,图 2.3 固定翼飞机在不同巡航升力系数和零升阻力系数下对应的气动最优展,1,10,0.95,已规范化
SE0341,非定常气动力,性能指标,,的非定常气动力建模工作，所建立的多项式模型较,D1_空天变构飞行技术研究现状与未来发展研判_刘思佳,2,的非定常气动力建模工作，所建立的多项式模型较,1,9,0.95,已规范化
SE0342,颤振,性能指标,抑制颤振,飞机重量、减小阻力、抑制颤振、减缓阵风、机动,D6_变体飞行器变形方式及气动布局设计关键技术研究进展,3,飞机重量、减小阻力、抑制颤振、减缓阵风、机动,2,5,0.95,已规范化
SE0343,飞行包线,性能指标,拓宽飞行包线,7.2.1单-双折叠翼变体飞行器的飞行包线与变体包线.........................103,D4_单-双折叠翼变体飞行器总体设计研究_郭廷宇,10,7.2.1 单-双折叠翼变体飞行器的飞行包线与变体包线 ......................... 103,2,17,0.95,已规范化
SE0344,飞行品质,性能指标,,和经济性。军用远程大型运输机除了上述优点外，还能提高隐身性能。除此之外，该技术还可以应用到长航时无人机、战斗机、小型无人机等飞行器上以改善飞行性能、提高飞行品质。不同飞行状态下飞行器对机翼前后缘变弯度…,D6_变体飞行器变形方式及气动布局设计关键技术研究进展,23,和经济性。军用远程 大型运输机除了上述优点外，还能提高隐身性 能。除此之外，该技术还可以应用到长航时无人 机、战斗机、小型无人机等飞行器上以改善飞行 性能、提高飞行品质。 不同飞行状态下飞行器对机翼前后缘变弯 度的需求如图53 ［21］所示，可以通过前后缘变弯度 实现不同飞行状态下最佳的气动效率、控制飞行 姿态，进而优化飞行性,1,2,0.9,已规范化
SE0345,飞行性能,性能指标,,行模式下的飞行性能，应根据变构飞行器的多任务,D1_空天变构飞行技术研究现状与未来发展研判_刘思佳,1,行模式下的飞行性能，应根据变构飞行器的多任务,1,20,0.95,已规范化
SE0346,飞行油耗,性能指标,,实现后缘的智能变弯度，有效降低了飞行油耗,D6_变体飞行器变形方式及气动布局设计关键技术研究进展,5,实现后缘的智能变弯度，有效降低了飞行油耗,1,1,0.9,已规范化
SE0347,飞行速度,性能指标,,外形和物理属性根据飞行任务、飞行速度、飞行环,D1_空天变构飞行技术研究现状与未来发展研判_刘思佳,1,外形和物理属性根据飞行任务、飞行速度、飞行环,1,6,0.95,已规范化
SE0348,飞行静稳定性,性能指标,,特性，可适应低马赫数远距离滑翔任务需求。(a)展开构型升力系数(b)展开构型阻力系数(c)展开构型升阻比图7展开构型升阻特性3飞行静稳定性分析3.1纵向稳定性分析3.1.1折叠构型高超声速飞行纵向稳定…,D3_跨域变构飞行器变形方案设计及气动特性分析_安英韬,4,特性，可适应低马赫数远距离滑翔 任务需求。 (a)展开构型升力系数 (b)展开构型阻力系数 (c)展开构型升阻比 图 7展开构型升阻特性 3 飞行静稳定性分析 3.1 纵向稳定性分析 3.1.1 折叠构型高超声速飞行纵向稳定性 纵向稳定性以及相应的配平能力与质心位置密 切相关。图8给出了折叠构型在 12 M,1,1,0.9,已规范化
SE0349,飞行高度,性能指标,,1km，飞行马赫数从12Ma到0.4Ma，每个飞行高度,D3_跨域变构飞行器变形方案设计及气动特性分析_安英韬,3,1 km，飞行马赫数从12 Ma到0.4 Ma，每个飞行高度,1,6,0.95,已规范化
SE0350,马赫数,性能指标,,力的空天飞行器设计方案。通过计算流体力学(CFD)方法，对折叠构型和展开构型的空天飞行器在不同高度、不同马赫数、,D3_跨域变构飞行器变形方案设计及气动特性分析_安英韬,1,力的空天飞行器设计方案。通过计算流体力学(CFD)方法，对折叠构型和展开构型的空天飞行器在不同高度、不同马赫数、,1,20,0.95,已规范化
SE0351,高升力,性能指标,,高升力装置的机械变形提高飞机起飞升力，缩短,D6_变体飞行器变形方式及气动布局设计关键技术研究进展,2,高升力装置的机械变形提高飞机起飞升力，缩短,1,3,0.95,已规范化
SE0352,高升阻比特性,性能指标,,在大攻角下实现稳定飞行。展开构型在低马赫数下呈现出高升阻比特性，利于低空滑翔。在跨域飞行中，通过变构技术将两,D3_跨域变构飞行器变形方案设计及气动特性分析_安英韬,1,在大攻角下实现稳定飞行。展开构型在低马赫数下呈现出高升阻比特性，利于低空滑翔。在跨域飞行中，通过变构技术将两,1,2,0.9,已规范化
SE0353,高空减速性能,性能指标,,良的高空减速性能，且仍然具备高度的纵向、航向,D3_跨域变构飞行器变形方案设计及气动特性分析_安英韬,6,良的高空减速性能，且仍然具备高度的纵向、航向,1,1,0.9,已规范化
SE0354,高空大攻角减速,性能指标,,在不同飞行高度的优势，将高空大攻角减速和低空,D3_跨域变构飞行器变形方案设计及气动特性分析_安英韬,6,在不同飞行高度的优势，将高空大攻角减速和低空,1,1,0.9,已规范化
SE0355,高速性能,性能指标,,变后掠随速度变化后掠角，适用于兼顾低速和高速性能的宽域飞行,D1_空天变构飞行技术研究现状与未来发展研判_刘思佳,2,变后掠 随速度变化后掠角，适用于兼顾低速和高速性能的宽域飞行,1,1,0.9,已规范化
SE0356,高马赫数,性能指标,,进行高马赫数大攻角减速降热，在飞行马赫数降至6,D3_跨域变构飞行器变形方案设计及气动特性分析_安英韬,2,进行高马赫数大攻角减速降热，在飞行马赫数降至6,1,3,0.95,已规范化
SE0357,一小时全球抵达,任务场景,,一小时全球抵达表示飞行器执行任务时的飞行阶段、速度域、应用环境或任务需求。,待人工补充,,,1,0,0.6,已规范化
SE0358,两级垂直发射,任务场景,,2024年中国航天大会论文集SpaceLiner飞行器为代表下一代空天飞行器概念，可以解决民航客机远距离客运飞行时间过长的问题，其远距离水平滑翔降落的特点充分节省了燃料，但是在高空段由于其大曲率的端头…,D3_跨域变构飞行器变形方案设计及气动特性分析_安英韬,2,2024 年中国航天大会论文集 SpaceLiner飞行器为代表下一代空天飞行器概念，可 以解决民航客机远距离客运飞行时间过长的问题， 其远距离水平滑翔降落的特点充分节省了燃料，但 是在高空段由于其大曲率的端头和展开翼的存在会 面临较大的防热压力。 传统飞行器性能提升面临天花板，变形飞行器 利用新的技术途径，可显著提升飞行性能、拓展任 务剖面，意义重大且发展潜力突出[10]。由此，笔者 提出了一种可变构型的空天飞行器设计方案，通过,1,1,0.9,已规范化
SE0359,亚声速,任务场景,,动力学设计需在亚声速、超声速、高超声速各个飞,D3_跨域变构飞行器变形方案设计及气动特性分析_安英韬,1,动力学设计需在亚声速、超声速、高超声速各个飞,1,20,0.95,已规范化
SE0360,任务需求分析,任务场景,,首先，有必要开展任务需求分析判断是否需,D6_变体飞行器变形方式及气动布局设计关键技术研究进展,30,首先，有必要开展任务需求分析判断是否需,1,1,0.9,已规范化
SE0361,低空滑翔能力,任务场景,,性、飞行稳定性进行了分析及对比。结果表明，折叠构型在高空高速条件下具备优良的减速性能，并可在大攻角下实现稳定飞行。展开构型在低马赫数下呈现出高升阻比特性，利于低空滑翔。在跨域飞行中，通过变构技术将两种…,D3_跨域变构飞行器变形方案设计及气动特性分析_安英韬,1,性、飞行稳定性进行了分析及对比。结果表明，折叠构型在高空高速条件下具备优良的减速性能，并可 在大攻角下实现稳定飞行。展开构型在低马赫数下呈现出高升阻比特性，利于低空滑翔。在跨域飞行中，通过变构技术将两 种构型进行适应性转变可充分发挥不同构型在不同空域速域下的飞行优势，实现高效飞行目标，为未来可重复使用天地往返 运输系统的建设提,1,1,0.82,已规范化
SE0362,再入段,任务场景,,如“星舰”的气动外形能够使其在再入段以最快的速,D3_跨域变构飞行器变形方案设计及气动特性分析_安英韬,1,如“星舰”的气动外形能够使其在再入段以最快的速,1,5,0.95,已规范化
SE0363,垂直起降能力,任务场景,,升机垂直起降能力的新概念飞行器一直以来都,D6_变体飞行器变形方式及气动布局设计关键技术研究进展,23,升机垂直起降能力的新概念飞行器一直以来都,1,1,0.9,已规范化
SE0364,大空域,任务场景,,计技术的研究进展和现状进行了综述和分析。最后，展望了变体技术未来研究方向和发展前景，面向宽速域和大空域飞,D6_变体飞行器变形方式及气动布局设计关键技术研究进展,1,计技术的研究进展和现状进行了综述和分析。最后，展望了变体技术未来研究方向和发展前景，面向宽速域和大空域飞,1,4,0.95,已规范化
SE0365,宽速域,任务场景,,用空天飞行器面临着宽速域飞行工况的挑战，空气,D3_跨域变构飞行器变形方案设计及气动特性分析_安英韬,1,用空天飞行器面临着宽速域飞行工况的挑战，空气,1,15,0.95,已规范化
SE0366,巡航翼展,任务场景,,面，则可以在起降翼展不变的情况下，进一步增大飞机的巡航翼展，以拓宽飞,D4_单-双折叠翼变体飞行器总体设计研究_郭廷宇,46,面，则可以在起降翼展不变的情况下，进一步增大飞机的巡航翼展，以拓宽飞,1,7,0.95,已规范化
SE0367,巡航阶段,任务场景,,［58］所示。在低速巡航阶段，平直翼,D6_变体飞行器变形方式及气动布局设计关键技术研究进展,14,［58］所示。在低速巡航阶段，平直翼,1,2,0.9,已规范化
SE0368,提高低速机动性,任务场景,,航向操纵能力上的不足，提高低速机动性能和起,D6_变体飞行器变形方式及气动布局设计关键技术研究进展,14,航向操纵能力上的不足，提高低速机动性能和起,1,1,0.9,已规范化
SE0369,水平起降,任务场景,,翼根处增加了折展变形机构和柔性蒙皮，使得机翼可以在飞行过程中自由展开和收拢，从而根据任务调整构型，发展了收缩折叠和大翼面展开两种构型，采用两级垂直发射、水平起降(VTHL)方式。(a)折叠构型(b)展…,D3_跨域变构飞行器变形方案设计及气动特性分析_安英韬,2,翼根处增加了折展 变形机构和柔性蒙皮，使得机翼可以在飞行过程中 自由展开和收拢，从而根据任务调整构型，发展了 收缩折叠和大翼面展开两种构型，采用两级垂直发 射、水平起降(VTHL)方式。 (a)折叠构型 (b)展开构型 图3 空天飞行器折叠及展开构型 2 气动仿真分析及方法 2.1 模型及网格,1,1,0.9,已规范化
SE0370,滑翔段,任务场景,,2024年中国航天大会论文集(b)展开构型热流分布图6折叠构型与展开构型的热流分布2.3.2展开构型低速升阻特性由于有航程需求，升阻比被认为是飞行器气动布局最核心的技术指标之一。在飞行器的无动力滑翔段…,D3_跨域变构飞行器变形方案设计及气动特性分析_安英韬,4,2024 年中国航天大会论文集 (b)展开构型热流分布 图6 折叠构型与展开构型的热流分布 2.3.2 展开构型低速升阻特性 由于有航程需求，升阻比被认为是飞行器气动 布局最核心的技术指标之一。在飞行器的无动力滑 翔段，其飞行距离与初速和升阻比正相关[11]： 2 2 2 0 ( / ) 1 ( / ) ln 2 1 ( / ) c e c c L D V V V x g V V    (2) 式中：cV,1,1,0.9,已规范化
SE0371,爬升,任务场景,,400km/h，飞行高度爬升至3000m左右，此时飞行的来流动压较高，平飞所需的,D4_单-双折叠翼变体飞行器总体设计研究_郭廷宇,47,400km/h，飞行高度爬升至3000m 左右，此时飞行的来流动压较高，平飞所需的,1,6,0.95,已规范化
SE0372,盘旋,任务场景,,的盘旋时间增加约75%。由于高速巡航导弹弹,D6_变体飞行器变形方式及气动布局设计关键技术研究进展,20,的盘旋时间增加约75%。由于高速巡航导弹弹,1,1,0.9,已规范化
SE0373,空海跨域任务,任务场景,,空海跨域任务表示飞行器执行任务时的飞行阶段、速度域、应用环境或任务需求。,待人工补充,,,1,0,0.6,已规范化
SE0374,航天运输,任务场景,,摘要：针对跨域飞行航天运输场景，立足需求牵引，结合国内前期已形成的相关技术积累，提出了一种具有折展变构型能,D3_跨域变构飞行器变形方案设计及气动特性分析_安英韬,1,摘 要：针对跨域飞行航天运输场景，立足需求牵引，结合国内前期已形成的相关技术积累，提出了一种具有折展变构型能,1,10,0.95,已规范化
SE0375,航班化航天运输系统,任务场景,,靠、可重复使用的航班化航天运输系统是实现规模,D3_跨域变构飞行器变形方案设计及气动特性分析_安英韬,1,靠、可重复使用的航班化航天运输系统是实现规模,1,2,0.9,已规范化
SE0376,起降阶段,任务场景,,持一定的爬升率；在起降阶段，飞机的推重比应满足起降距离的要求。在飞行,D4_单-双折叠翼变体飞行器总体设计研究_郭廷宇,123,持一定的爬升率；在起降阶段，飞机的推重比应满足起降距离的要求。在飞行,1,2,0.9,已规范化
SE0377,起飞距离,任务场景,,图8.15单翼构型和双翼构型的原理验证机起飞速度(左)和起飞距离,D4_单-双折叠翼变体飞行器总体设计研究_郭廷宇,16,图 8.15 单翼构型和双翼构型的原理验证机起飞速度(左)和起飞距离,1,4,0.95,已规范化
SE0378,超声速,任务场景,,级带翼高超声速飞行器方案。计划2035年左右开展,D3_跨域变构飞行器变形方案设计及气动特性分析_安英韬,1,级带翼高超声速飞行器方案。计划2035年左右开展,1,20,0.95,已规范化
SE0379,跨域飞行,任务场景,,摘要：针对跨域飞行航天运输场景，立足需求牵引，结合国内前期已形成的相关技术积累，提出了一种具有折展变构型能,D3_跨域变构飞行器变形方案设计及气动特性分析_安英韬,1,摘 要：针对跨域飞行航天运输场景，立足需求牵引，结合国内前期已形成的相关技术积累，提出了一种具有折展变构型能,1,6,0.95,已规范化
SE0380,跨声速,任务场景,,更好的跨声速性能和侧向力控制能力。中国空军装备的无侦-7无人侦察机(图,D4_单-双折叠翼变体飞行器总体设计研究_郭廷宇,21,更好的跨声速性能和侧向力控制能力。中国空军装备的无侦-7 无人侦察机(图,1,3,0.95,已规范化
SE0381,远距离无动力滑翔能力,任务场景,,2024年中国航天大会论文集(b)展开构型热流分布图6折叠构型与展开构型的热流分布2.3.2展开构型低速升阻特性由于有航程需求，升阻比被认为是飞行器气动布局最核心的技术指标之一。在飞行器的无动力滑翔段…,D3_跨域变构飞行器变形方案设计及气动特性分析_安英韬,4,2024 年中国航天大会论文集 (b)展开构型热流分布 图6 折叠构型与展开构型的热流分布 2.3.2 展开构型低速升阻特性 由于有航程需求，升阻比被认为是飞行器气动 布局最核心的技术指标之一。在飞行器的无动力滑 翔段，其飞行距离与初速和升阻比正相关[11]： 2 2 2 0 ( / ) 1 ( / ) ln 2 1 ( / ) c e c c L D V V V x g V V    (2) 式中：cV,1,1,0.9,已规范化
SE0382,高超声速,任务场景,,级带翼高超声速飞行器方案。计划2035年左右开展,D3_跨域变构飞行器变形方案设计及气动特性分析_安英韬,1,级带翼高超声速飞行器方案。计划2035年左右开展,1,20,0.95,已规范化
SE0383,高速机动,任务场景,,翼技术具有提高飞行器低速和高速机动性、减轻,D6_变体飞行器变形方式及气动布局设计关键技术研究进展,3,翼技术具有提高飞行器低速和高速机动性、减轻,1,1,0.9,已规范化
SE0384,高速机动性,任务场景,提高高速机动性,高速机动性表示飞行器执行任务时的飞行阶段、速度域、应用环境或任务需求。,待人工补充,,,1,0,0.6,已规范化
SE0385,产品化推进,设计问题,,提出现阶段变构飞行的高成本特征是其无法顺利向产品化推进的重要限制之一；采取费效比等综合指标方式对变构飞行的代,D1_空天变构飞行技术研究现状与未来发展研判_刘思佳,1,提出现阶段变构飞行的高成本特征是其无法顺利向产品化推进的重要限制之一；采取费效比等综合指标方式对变构飞行的代,1,1,0.9,已规范化
SE0386,关键技术难点,设计问题,,系对变构飞行器气动布局设计的关键技术难点进行,D1_空天变构飞行技术研究现状与未来发展研判_刘思佳,1,系对变构飞行器气动布局设计的关键技术难点进行,1,3,0.95,已规范化
SE0387,容积侵占,设计问题,,最大起飞重量，变体机构的容积侵占不大于2000L时，可以取得较好的航程收,D4_单-双折叠翼变体飞行器总体设计研究_郭廷宇,40,最大起飞重量，变体机构的容积侵占不大于2000L 时，可以取得较好的航程收,1,5,0.95,已规范化
SE0388,局部应力集中,设计问题,,刘思佳，等：空天变构飞行技术研究现状与未来发展研判传统机构体积大、重量高，严重削弱了变体带来的气动收益。此外，还存在非连续蒙皮变形使局部应力集中，容易引发气动干扰等问题。在实际工程设计中，对效益的考量…,D1_空天变构飞行技术研究现状与未来发展研判_刘思佳,4,"刘思佳，等：空天变构飞行技术研究现状与未来发展研判 传统机构体积大、重量高，严重削弱了变体带来的 气动收益。此外，还存在非连续蒙皮变形使局部应 力集中，容易引发气动干扰等问题。 在实际工程设计中，对效益的考量是必不可少 的参考因素。在美国空军与NASA合作开展的任务 自适应机翼(Mission Adaptive Wing, MAW)演示验 证项目中，AFTI/F-111改装机(图1)成功试飞，美 方却依然决定不将该项技术投入使用，与",1,1,0.9,已规范化
SE0389,工程应用,设计问题,,未充分开展，与工程应用仍存在差距，提出当前智,D1_空天变构飞行技术研究现状与未来发展研判_刘思佳,3,未充分开展，与工程应用仍存在差距，提出当前智,1,13,0.95,已规范化
SE0390,技术成熟度,设计问题,,是以机械结构驱动的变构方式技术成熟度最高，而,D1_空天变构飞行技术研究现状与未来发展研判_刘思佳,3,是以机械结构驱动的变构方式技术成熟度最高，而,1,5,0.95,已规范化
SE0391,技术难点,设计问题,,系对变构飞行器气动布局设计的关键技术难点进行,D1_空天变构飞行技术研究现状与未来发展研判_刘思佳,1,系对变构飞行器气动布局设计的关键技术难点进行,1,4,0.95,已规范化
SE0392,收益代价,设计问题,,2.3.3应用变体技术的大展弦比飞机收益代价边界................................21,D4_单-双折叠翼变体飞行器总体设计研究_郭廷宇,8,2.3.3 应用变体技术的大展弦比飞机收益代价边界 ................................ 21,1,14,0.95,已规范化
SE0393,空间代价,设计问题,,图2.8在不同空间代价下，应用变体技术减少了50%起降翼展后RQ-4A的,D4_单-双折叠翼变体飞行器总体设计研究_郭廷宇,12,图 2.8 在不同空间代价下，应用变体技术减少了50%起降翼展后RQ-4A 的,1,5,0.95,已规范化
SE0394,维护成本,设计问题,,重，占据了有效载荷的质量与空间，且维护成本高，,D1_空天变构飞行技术研究现状与未来发展研判_刘思佳,3,重，占据了有效载荷的质量与空间，且维护成本高，,1,6,0.95,已规范化
SE0395,综合指标,设计问题,,提出现阶段变构飞行的高成本特征是其无法顺利向产品化推进的重要限制之一；采取费效比等综合指标方式对变构飞行的代,D1_空天变构飞行技术研究现状与未来发展研判_刘思佳,1,提出现阶段变构飞行的高成本特征是其无法顺利向产品化推进的重要限制之一；采取费效比等综合指标方式对变构飞行的代,1,1,0.9,已规范化
SE0396,设计准则,设计问题,,性，总结形成了单-双折叠翼变体飞行器的气动设计规律和设计准则；在动力学和,D4_单-双折叠翼变体飞行器总体设计研究_郭廷宇,5,性，总结形成了单-双折叠翼变体飞行器的气动设计规律和设计准则；在动力学和,1,8,0.95,已规范化
SE0397,设计目标,设计问题,,7.3.1单-双折叠翼变体几何外形设计的设计约束和设计目标..............106,D4_单-双折叠翼变体飞行器总体设计研究_郭廷宇,10,7.3.1 单-双折叠翼变体几何外形设计的设计约束和设计目标 .............. 106,1,9,0.95,已规范化
SE0398,设计约束,设计问题,,定控制、结构实现等多专业角度考虑设计约束，总,D1_空天变构飞行技术研究现状与未来发展研判_刘思佳,2,定控制、结构实现等多专业角度考虑设计约束，总,1,19,0.95,已规范化
SE0399,费效比,设计问题,,提出现阶段变构飞行的高成本特征是其无法顺利向产品化推进的重要限制之一；采取费效比等综合指标方式对变构飞行的代,D1_空天变构飞行技术研究现状与未来发展研判_刘思佳,1,提出现阶段变构飞行的高成本特征是其无法顺利向产品化推进的重要限制之一；采取费效比等综合指标方式对变构飞行的代,1,4,0.95,已规范化
SE0400,非定常效应,设计问题,,维度连续变化，非定常效应明显，设计维度显著增,D1_空天变构飞行技术研究现状与未来发展研判_刘思佳,1,维度连续变化，非定常效应明显，设计维度显著增,1,20,0.95,已规范化
SE0401,CFD方法,研究方法,,力的空天飞行器设计方案。通过计算流体力学(CFD)方法，对折叠构型和展开构型的空天飞行器在不同高度、不同马赫数、,D3_跨域变构飞行器变形方案设计及气动特性分析_安英韬,1,力的空天飞行器设计方案。通过计算流体力学(CFD)方法，对折叠构型和展开构型的空天飞行器在不同高度、不同马赫数、,1,4,0.95,已规范化
SE0402,RANS方程,研究方法,雷诺平均纳维-斯托克斯方程,"斯(Reynolds-averagedNavierStokes,RANS)方程。",D3_跨域变构飞行器变形方案设计及气动特性分析_安英韬,3,"斯(Reynolds-averaged Navier Stokes, RANS)方程。",2,2,0.9,已规范化
SE0403,S-A模型,研究方法,Spalart-Allmaras模型,型采用一方程Spalart-Allmaras(S-A)模型，计算区,D3_跨域变构飞行器变形方案设计及气动特性分析_安英韬,3,型采用一方程Spalart-Allmaras(S-A)模型，计算区,2,2,0.9,已规范化
SE0404,三角形非结构网格,研究方法,,三角形非结构网格，如图4所示，然后通过阵面推,D3_跨域变构飞行器变形方案设计及气动特性分析_安英韬,2,三角形非结构网格，如图 4所示，然后通过阵面推,1,1,0.9,已规范化
SE0405,代价估算方法,研究方法,,7.4.1单-双折叠翼变体飞行器的代价估算方法...................................115,D4_单-双折叠翼变体飞行器总体设计研究_郭廷宇,10,7.4.1 单-双折叠翼变体飞行器的代价估算方法 ................................... 115,1,2,0.9,已规范化
SE0406,代理模型,研究方法,,为代理模型，构筑升力、阻力等气动特性与飞行,D6_变体飞行器变形方式及气动布局设计关键技术研究进展,34,为代理模型，构筑升力、阻力等气动特性与飞行,1,3,0.95,已规范化
SE0407,优化方法,研究方法,,优化方法差别不大，相对容易进行。另外，相关,D6_变体飞行器变形方式及气动布局设计关键技术研究进展,34,优化方法差别不大，相对容易进行。另外，相关,1,4,0.95,已规范化
SE0408,优化算法,研究方法,,熟的优化算法，取得了一定的优化效果，但绝大,D6_变体飞行器变形方式及气动布局设计关键技术研究进展,34,熟的优化算法，取得了一定的优化效果，但绝大,1,1,0.9,已规范化
SE0409,六面体网格,研究方法,,进法沿着法向生成各向异性的六面体网格，最后,D3_跨域变构飞行器变形方案设计及气动特性分析_安英韬,2,进法沿着法向生成各向异性的六面体网格，最后,1,2,0.9,已规范化
SE0410,动态气动力计算方法,研究方法,,估、气动布局方案优化、多学科耦合设计等方面的关键技术难点，重点对变体飞行器动态气动力计算方法和气动优化设,D6_变体飞行器变形方式及气动布局设计关键技术研究进展,1,估、气动布局方案优化、多学科耦合设计等方面的关键技术难点，重点对变体飞行器动态气动力计算方法和气动优化设,1,2,0.9,已规范化
SE0411,参数化方法,研究方法,,设计成本。目前常用的三维参数化方法主要有：,D6_变体飞行器变形方式及气动布局设计关键技术研究进展,33,设计成本。目前常用的三维参数化方法主要有：,1,4,0.95,已规范化
SE0412,四面体网格,研究方法,,四面体网格是用于变构飞行器建模、仿真、优化、试验或评估的研究方法。,待人工补充,,,1,0,0.6,已规范化
SE0413,地面车载变体试验,研究方法,,变体原理验证机并开展了空中变体飞行试验和地面车载变体试验。通过这些试,D4_单-双折叠翼变体飞行器总体设计研究_郭廷宇,5,变体原理验证机并开展了空中变体飞行试验和地面车载变体试验。通过这些试,1,2,0.9,已规范化
SE0414,多学科总体设计优化平台,研究方法,,自行开发的多学科总体设计优化平台ACADO，本章首先分析了不同飞机的气,D4_单-双折叠翼变体飞行器总体设计研究_郭廷宇,40,自行开发的多学科总体设计优化平台ACADO，本章首先分析了不同飞机的气,1,1,0.9,已规范化
SE0415,多目标优化,研究方法,,规律的设计可视为针对不同任务的多目标优化,D6_变体飞行器变形方式及气动布局设计关键技术研究进展,35,规律的设计可视为针对不同任务的多目标优化,1,1,0.9,已规范化
SE0416,形状优化,研究方法,,形状优化是用于变构飞行器建模、仿真、优化、试验或评估的研究方法。,待人工补充,,,1,0,0.6,已规范化
SE0417,数值模拟,研究方法,,合构型(WingBody，WB)飞行器的数值模拟结,D6_变体飞行器变形方式及气动布局设计关键技术研究进展,10,合构型(Wing Body，WB)飞行器的数值模拟结,1,6,0.95,已规范化
SE0418,无滑移绝热壁边界条件,研究方法,,域内的壁面边界使用无滑移绝热壁边界条件，外边,D3_跨域变构飞行器变形方案设计及气动特性分析_安英韬,3,域内的壁面边界使用无滑移绝热壁边界条件，外边,1,1,0.9,已规范化
SE0419,有限体积法,研究方法,,控制方程的离散方式采用有限体积法，湍流模,D3_跨域变构飞行器变形方案设计及气动特性分析_安英韬,3,控制方程的离散方式采用有限体积法，湍流模,1,1,0.9,已规范化
SE0420,梯度优化,研究方法,,梯度优化是用于变构飞行器建模、仿真、优化、试验或评估的研究方法。,待人工补充,,,1,0,0.6,已规范化
SE0421,模型预测控制,研究方法,,了动力学模型，提出了非线性模型预测控制器。,D6_变体飞行器变形方式及气动布局设计关键技术研究进展,29,了动力学模型，提出了非线性模型预测控制器。,1,1,0.9,已规范化
SE0422,气动仿真,研究方法,,开两种构型，采用两级垂直发射、水平起降(VTHL)方式。(a)折叠构型(b)展开构型图3空天飞行器折叠及展开构型2气动仿真分析及方法2.1模型及网格变构型空天飞行器设计长度为13m，飞行器为面对称模型…,D3_跨域变构飞行器变形方案设计及气动特性分析_安英韬,2,开两种构型，采用两级垂直发 射、水平起降(VTHL)方式。 (a)折叠构型 (b)展开构型 图3 空天飞行器折叠及展开构型 2 气动仿真分析及方法 2.1 模型及网格 变构型空天飞行器设计长度为13 m，飞行器为 面对称模型，考虑到要对飞行器的飞行稳定性进 行分析，在计算时需要计入侧滑角的影,1,1,0.9,已规范化
SE0423,气动优化设计技术,研究方法,,此外，基于人工智能的气动优化设计技术的,D6_变体飞行器变形方式及气动布局设计关键技术研究进展,35,此外，基于人工智能的气动优化设计技术的,1,1,0.9,已规范化
SE0424,气动外形优化设计,研究方法,,法是开展气动外形优化设计、气动弹性分析的关,D6_变体飞行器变形方式及气动布局设计关键技术研究进展,31,法是开展气动外形优化设计、气动弹性分析的关,1,5,0.95,已规范化
SE0425,空中变体飞行试验,研究方法,,变体原理验证机并开展了空中变体飞行试验和地面车载变体试验。通过这些试,D4_单-双折叠翼变体飞行器总体设计研究_郭廷宇,5,变体原理验证机并开展了空中变体飞行试验和地面车载变体试验。通过这些试,1,2,0.9,已规范化
SE0426,粒子群算法,研究方法,,粒子群算法是用于变构飞行器建模、仿真、优化、试验或评估的研究方法。,待人工补充,,,1,0,0.6,已规范化
SE0427,网格,研究方法,,三角形非结构网格，如图4所示，然后通过阵面推,D3_跨域变构飞行器变形方案设计及气动特性分析_安英韬,2,三角形非结构网格，如图 4所示，然后通过阵面推,1,20,0.95,已规范化
SE0428,背景网格,研究方法,,叠网格，其中下机翼和外流场为背景网格，上机翼和周围流场为重叠网格，通,D4_单-双折叠翼变体飞行器总体设计研究_郭廷宇,56,叠网格，其中下机翼和外流场为背景网格，上机翼和周围流场为重叠网格，通,1,4,0.95,已规范化
SE0429,自由度动力学模型,研究方法,,图5.1单-双折叠翼单侧变体的2自由度动力学模型...................................77,D4_单-双折叠翼变体飞行器总体设计研究_郭廷宇,14,图 5.1 单-双折叠翼单侧变体的2 自由度动力学模型................................... 77,1,4,0.95,已规范化
SE0430,计算流体力学,研究方法,,力的空天飞行器设计方案。通过计算流体力学(CFD)方法，对折叠构型和展开构型的空天飞行器在不同高度、不同马赫数、,D3_跨域变构飞行器变形方案设计及气动特性分析_安英韬,1,力的空天飞行器设计方案。通过计算流体力学(CFD)方法，对折叠构型和展开构型的空天飞行器在不同高度、不同马赫数、,1,2,0.9,已规范化
SE0431,远场边界条件,研究方法,,方程的离散方式采用有限体积法，湍流模型采用一方程Spalart-Allmaras(S-A)模型，计算区域内的壁面边界使用无滑移绝热壁边界条件，外边界则采用远场边界条件。2.3升阻特性分析2.3.1折叠…,D3_跨域变构飞行器变形方案设计及气动特性分析_安英韬,3,方程的离散方式采用有限体积法，湍流模 型采用一方程Spalart-Allmaras(S-A)模型，计算区 域内的壁面边界使用无滑移绝热壁边界条件，外边 界则采用远场边界条件。 2.3 升阻特性分析 2.3.1 折叠构型高超声速升阻特性 按照飞行轨迹设计方案，折叠构型将用于高超 声速段减速下降过程。从图 5可以看出，折叠构型,1,1,0.9,已规范化
SE0432,遗传算法,研究方法,,计了机翼位置与后掠角的变形策略。遗传算法,D6_变体飞行器变形方式及气动布局设计关键技术研究进展,35,计了机翼位置与后掠角的变形策略。遗传算法,1,1,0.9,已规范化
SE0433,重叠网格,研究方法,,图4.4二维双翼CFD计算所使用的重叠网格.............................................38,D4_单-双折叠翼变体飞行器总体设计研究_郭廷宇,12,图 4.4 二维双翼CFD 计算所使用的重叠网格 ............................................. 38,1,6,0.95,已规范化
SE0434,金字塔形体网格,研究方法,,采用四面体和金字塔形体网格填充整个流场。为,D3_跨域变构飞行器变形方案设计及气动特性分析_安英韬,2,采用四面体和金字塔形体网格填充整个流场。为,1,1,0.9,已规范化
SE0435,非结构网格,研究方法,,三角形非结构网格，如图4所示，然后通过阵面推,D3_跨域变构飞行器变形方案设计及气动特性分析_安英韬,2,三角形非结构网格，如图 4所示，然后通过阵面推,1,1,0.9,已规范化
SE0436,风洞试验,研究方法,,针对改变后掠角的变构方式，对风洞试验过程中表,D1_空天变构飞行技术研究现状与未来发展研判_刘思佳,2,针对改变后掠角的变构方式，对风洞试验过程中表,1,20,0.95,已规范化
SE0437,飞行试验,研究方法,,原型机飞行试验，2040年后实现可运营的高速客运,D3_跨域变构飞行器变形方案设计及气动特性分析_安英韬,1,原型机飞行试验，2040年后实现可运营的高速客运,1,14,0.95,已规范化
SE0438,3AS项目,项目/机构,,航空学报629595-3变形来提高气动效率，变体设计方案如图2［5］所示，飞行试验结果表明自适应机翼在设计巡航点阻力减少了约7%，非设计点的阻力减少了20%以上［5］。1985年，NASA与洛克韦尔公…,D6_变体飞行器变形方式及气动布局设计关键技术研究进展,3,航 空 学 报 629595-3 变形来提高气动效率，变体设计方案如图2 ［5］所 示，飞行试验结果表明自适应机翼在设计巡航点 阻力减少了约7%，非设计点的阻力减少了20% 以上 ［5］。 1985 年，NASA 与洛克韦尔公司合作开展了 主动柔性机翼(Active Flexible Wing， AFW)项 目 ［6］，1996 年扩展为主动气动弹性机翼(Active Aeroelastic Wing， AAW)计划 ［7］。该项目采,1,1,0.9,已规范化
SE0439,AAW计划,项目/机构,,航空学报629595-3变形来提高气动效率，变体设计方案如图2［5］所示，飞行试验结果表明自适应机翼在设计巡航点阻力减少了约7%，非设计点的阻力减少了20%以上［5］。1985年，NASA与洛克韦尔公…,D6_变体飞行器变形方式及气动布局设计关键技术研究进展,3,航 空 学 报 629595-3 变形来提高气动效率，变体设计方案如图2 ［5］所 示，飞行试验结果表明自适应机翼在设计巡航点 阻力减少了约7%，非设计点的阻力减少了20% 以上 ［5］。 1985 年，NASA 与洛克韦尔公司合作开展了 主动柔性机翼(Active Flexible Wing， AFW)项 目 ［6］，1996 年扩展为主动气动弹性机翼(Active Aeroelastic Wing， AAW)计划 ［7］。该项目采,1,1,0.9,已规范化
SE0440,ACADO,项目/机构,,图2.1ACADO的模块和结构.....................................................................17,D4_单-双折叠翼变体飞行器总体设计研究_郭廷宇,11,图 2.1 ACADO 的模块和结构 ..................................................................... 17,1,20,0.95,已规范化
SE0441,ACTE项目,项目/机构,,的是，ACTE项目中在湾流飞机后缘加装的柔,D6_变体飞行器变形方式及气动布局设计关键技术研究进展,23,的是，ACTE 项目中在湾流飞机后缘加装的柔,1,1,0.9,已规范化
SE0442,AFW项目,项目/机构,,航空学报629595-3变形来提高气动效率，变体设计方案如图2［5］所示，飞行试验结果表明自适应机翼在设计巡航点阻力减少了约7%，非设计点的阻力减少了20%以上［5］。1985年，NASA与洛克韦尔公…,D6_变体飞行器变形方式及气动布局设计关键技术研究进展,3,航 空 学 报 629595-3 变形来提高气动效率，变体设计方案如图2 ［5］所 示，飞行试验结果表明自适应机翼在设计巡航点 阻力减少了约7%，非设计点的阻力减少了20% 以上 ［5］。 1985 年，NASA 与洛克韦尔公司合作开展了 主动柔性机翼(Active Flexible Wing， AFW)项 目 ［6］，1996 年扩展为主动气动弹性机翼(Active Aeroelastic Wing， AAW)计划 ［7］。该项目采,1,1,0.9,已规范化
SE0443,DARPA,项目/机构,,DARPA等机构先后大力推动多个研究验证项目，包,D1_空天变构飞行技术研究现状与未来发展研判_刘思佳,2,DARPA等机构先后大力推动多个研究验证项目，包,1,7,0.95,已规范化
SE0444,MADCAT项目,项目/机构,,航空学报629595-5装置(AdaptiveTrailingEdgeDevice，ATED)可以实现后缘的智能变弯度，有效降低了飞行油耗［15］。项目过程中开展了多次风洞试验，充分验证了前缘、后缘、…,D6_变体飞行器变形方式及气动布局设计关键技术研究进展,5,航 空 学 报 629595-5 装置(Adaptive Trailing Edge Device， ATED)可以 实现后缘的智能变弯度，有效降低了飞行油耗 ［15］。 项目过程中开展了多次风洞试验，充分验证了前 缘、后缘、翼梢变形的可行性。 2014 年，NASA 组织开展了自适应柔性后缘 (Adaptive Compliant Trailing Edge， ACTE)项 目 ［16］。在湾流飞机上安装ACTE 襟翼来实现后 缘连续,1,1,0.9,已规范化
SE0445,MAS计划,项目/机构,,(MorphingAircraftStructures，MAS)计划,D6_变体飞行器变形方式及气动布局设计关键技术研究进展,3,(Morphing Aircraft Structures， MAS)计划,1,1,0.9,已规范化
SE0446,NASA,项目/机构,,对机翼扭转变形的驱动。在此期间，NASA联合,D1_空天变构飞行技术研究现状与未来发展研判_刘思佳,2,对机翼扭转变形的驱动。在此期间，NASA联合,1,18,0.95,已规范化
SE0447,NextGen公司,项目/机构,,成果是NextGen公司试飞的MFX-1、MFX-2，其,D6_变体飞行器变形方式及气动布局设计关键技术研究进展,4,成果是NextGen 公司试飞的MFX-1、MFX-2，其,1,2,0.9,已规范化
SE0448,SARISTU项目,项目/机构,,图7SARISTU项目中的机翼示意［14］,D6_变体飞行器变形方式及气动布局设计关键技术研究进展,4,图7 SARISTU 项目中的机翼示意［14］,1,1,0.9,已规范化
SE0449,SAW项目,项目/机构,,应机翼(SpanwiseAdaptiveWing，SAW)项目，,D6_变体飞行器变形方式及气动布局设计关键技术研究进展,5,应机翼(Spanwise Adaptive Wing， SAW)项目，,1,3,0.95,已规范化
SE0450,SMS项目,项目/机构,,航空学报629595-5装置(AdaptiveTrailingEdgeDevice，ATED)可以实现后缘的智能变弯度，有效降低了飞行油耗［15］。项目过程中开展了多次风洞试验，充分验证了前缘、后缘、…,D6_变体飞行器变形方式及气动布局设计关键技术研究进展,5,航 空 学 报 629595-5 装置(Adaptive Trailing Edge Device， ATED)可以 实现后缘的智能变弯度，有效降低了飞行油耗 ［15］。 项目过程中开展了多次风洞试验，充分验证了前 缘、后缘、翼梢变形的可行性。 2014 年，NASA 组织开展了自适应柔性后缘 (Adaptive Compliant Trailing Edge， ACTE)项 目 ［16］。在湾流飞机上安装ACTE 襟翼来实现后 缘连续,1,1,0.9,已规范化
SE0451,SmartWing项目,项目/机构,,展了智能机翼(SmartWing)项目,D6_变体飞行器变形方式及气动布局设计关键技术研究进展,3,展了智能机翼(Smart Wing)项目,1,1,0.9,已规范化
SE0452,中国航天科技创新研究院,项目/机构,,(中国航天科技创新研究院北京100088),D1_空天变构飞行技术研究现状与未来发展研判_刘思佳,1,(中国航天科技创新研究院 北京100088),1,2,0.9,已规范化
SE0453,欧盟,项目/机构,,2002年，欧盟启动了主动气动弹性飞行器结,D6_变体飞行器变形方式及气动布局设计关键技术研究进展,3,2002 年，欧盟启动了主动气动弹性飞行器结,1,3,0.95,已规范化
SE0454,波音公司,项目/机构,,布局发展的希望之星。目前美国航空航天局已经与波音公司合作开展了跨声,D4_单-双折叠翼变体飞行器总体设计研究_郭廷宇,22,布局发展的希望之星 。目前美国航空航天局已经与波音公司合作开展了跨声,1,2,0.9,已规范化
SE0455,洛克韦尔公司,项目/机构,,1985年，NASA与洛克韦尔公司合作开展了,D6_变体飞行器变形方式及气动布局设计关键技术研究进展,3,1985 年，NASA 与洛克韦尔公司合作开展了,1,1,0.9,已规范化
SE0456,清华大学,项目/机构,,图1.242015年清华大学陈海昕提出的单-双折叠翼变体方案.....................13,D4_单-双折叠翼变体飞行器总体设计研究_郭廷宇,11,图 1.24 2015 年清华大学陈海昕提出的单-双折叠翼变体方案 ..................... 13,1,3,0.95,已规范化
SE0457,空客A320飞行试验平台,项目/机构,,航空学报629595-5装置(AdaptiveTrailingEdgeDevice，ATED)可以实现后缘的智能变弯度，有效降低了飞行油耗［15］。项目过程中开展了多次风洞试验，充分验证了前缘、后缘、…,D6_变体飞行器变形方式及气动布局设计关键技术研究进展,5,航 空 学 报 629595-5 装置(Adaptive Trailing Edge Device， ATED)可以 实现后缘的智能变弯度，有效降低了飞行油耗 ［15］。 项目过程中开展了多次风洞试验，充分验证了前 缘、后缘、翼梢变形的可行性。 2014 年，NASA 组织开展了自适应柔性后缘 (Adaptive Compliant Trailing Edge， ACTE)项 目 ［16］。在湾流飞机上安装ACTE 襟翼来实现后 缘连续,1,1,0.9,已规范化
SE0458,空客公司,项目/机构,,2021年，空客公司启动了超性能机翼(Extra,D6_变体飞行器变形方式及气动布局设计关键技术研究进展,5,2021 年，空客公司启动了超性能机翼(Extra,1,3,0.95,已规范化
SE0459,西北工业大学,项目/机构,,93CN11-1929/V629595-1变体飞行器变形方式及气动布局设计关键技术研究进展陈树生1，*，贾苜梁1，刘衍旭1，高正红1，向星皓21．西北工业大学航空学院，西安7100722．中国空气动力…,D6_变体飞行器变形方式及气动布局设计关键技术研究进展,1,93 CN 11-1929/V 629595-1 变体飞行器变形方式及气动布局设计关键技术 研究进展 陈树生1，*，贾苜梁1，刘衍旭1，高正红1，向星皓2 1．西北工业大学 航空学院，西安 710072 2．中国空气动力研究与发展中心，绵阳 621000 摘 要：能够根据任务需求、飞行环境自适应改变外形来达到最佳飞行性能的变,1,1,0.9,已规范化
SE0460,麻省理工学院,项目/机构,,2016年以来，NASA联合麻省理工学院等多,D6_变体飞行器变形方式及气动布局设计关键技术研究进展,5,2016 年以来，NASA 联合麻省理工学院等多,1,1,0.9,已规范化
SE0461,MFX-1,专业概念,,成果是NextGen公司试飞的MFX-1、MFX-2，其,D6_变体飞行器变形方式及气动布局设计关键技术研究进展,4,成果是NextGen 公司试飞的MFX-1、MFX-2，其,1,2,0.9,建议抽样复核
SE0462,MFX-2,专业概念,,成果是NextGen公司试飞的MFX-1、MFX-2，其,D6_变体飞行器变形方式及气动布局设计关键技术研究进展,4,成果是NextGen 公司试飞的MFX-1、MFX-2，其,1,2,0.9,建议抽样复核
SE0463,VTHL,专业概念,,了折展变形机构和柔性蒙皮，使得机翼可以在飞行过程中自由展开和收拢，从而根据任务调整构型，发展了收缩折叠和大翼面展开两种构型，采用两级垂直发射、水平起降(VTHL)方式。(a)折叠构型(b)展开构型图3…,D3_跨域变构飞行器变形方案设计及气动特性分析_安英韬,2,了折展 变形机构和柔性蒙皮，使得机翼可以在飞行过程中 自由展开和收拢，从而根据任务调整构型，发展了 收缩折叠和大翼面展开两种构型，采用两级垂直发 射、水平起降(VTHL)方式。 (a)折叠构型 (b)展开构型 图3 空天飞行器折叠及展开构型 2 气动仿真分析及方法 2.1 模型及网格 变构型,1,1,0.9,建议抽样复核
SE0464,aerodynamic design,专业概念,,"Zuo Guang, Ai Bangsheng. Aerodynamic design of advanced space",D3_跨域变构飞行器变形方案设计及气动特性分析_安英韬,7,"Zuo Guang, Ai Bangsheng. Aerodynamic design of advanced space",1,6,0.95,建议抽样复核
SE0465,morphing process,专业概念,,"morphing process, and the aileron characteristics of the aerodynamic-driven morphing",D4_单-双折叠翼变体飞行器总体设计研究_郭廷宇,6,"morphing process, and the aileron characteristics of the aerodynamic-driven morphing",1,20,0.95,建议抽样复核
SE0466,传力路径,专业概念,,研究中，分析了变体过程中机翼和机构的传力路径和受力特性，并进一步以“全,D4_单-双折叠翼变体飞行器总体设计研究_郭廷宇,5,研究中，分析了变体过程中机翼和机构的传力路径和受力特性，并进一步以“全,1,14,0.95,建议抽样复核
SE0467,传感技术,专业概念,,资助下开展了智能变形与传感技术(SmartMor‐,D6_变体飞行器变形方式及气动布局设计关键技术研究进展,5,资助下开展了智能变形与传感技术(Smart Mor‐,1,1,0.9,建议抽样复核
SE0468,全模建模,专业概念,,全模建模是变构飞行器文献中出现的专业概念，用于描述设计、分析或技术背景。,待人工补充,,,1,0,0.6,建议抽样复核
SE0469,公转角,专业概念,,图6.10连杆上最大弯矩随公转角度的变化曲线.........................................95,D4_单-双折叠翼变体飞行器总体设计研究_郭廷宇,15,图 6.10 连杆上最大弯矩随公转角度的变化曲线 ......................................... 95,1,20,0.95,建议抽样复核
SE0470,几何外形设计,专业概念,,7.3单-双折叠翼变体飞行器的几何外形设计研究...................................106,D4_单-双折叠翼变体飞行器总体设计研究_郭廷宇,10,7.3 单-双折叠翼变体飞行器的几何外形设计研究 ................................... 106,1,15,0.95,建议抽样复核
SE0471,原理验证机,专业概念,,变体原理验证机并开展了空中变体飞行试验和地面车载变体试验。通过这些试,D4_单-双折叠翼变体飞行器总体设计研究_郭廷宇,5,变体原理验证机并开展了空中变体飞行试验和地面车载变体试验。通过这些试,1,20,0.95,建议抽样复核
SE0472,固定翼,专业概念,,当传统的固定翼飞行器性能囿于单一气动布局,D1_空天变构飞行技术研究现状与未来发展研判_刘思佳,1,当传统的固定翼飞行器性能囿于单一气动布局,1,16,0.95,建议抽样复核
SE0473,多学科一体化设计,专业概念,,任务性能的新概念变形方式，建立智能变体设计模型及多学科强耦合一体化设计体系将成为重要发展趋势。关键词：变体飞行器；变形方式；机翼变体；优化设计；非定常效应；多学科一体化中图分类号：V221.3；V11…,D6_变体飞行器变形方式及气动布局设计关键技术研究进展,1,任务性能的新概念变形方式，建立智能变体设计模型及多学科强耦合一体化设计体系将成 为重要发展趋势。 关键词：变体飞行器；变形方式；机翼变体；优化设计；非定常效应；多学科一体化 中图分类号：V221. 3；V11 文献标识码：A 文章编号：1000-6893(2024)06-629595-47 自莱特兄弟“飞行者一,1,1,0.82,建议抽样复核
SE0474,多学科总体设计,专业概念,,翼变体飞机多学科总体设计方法；第二部分是单-双折叠翼变体飞行器的原理,D4_单-双折叠翼变体飞行器总体设计研究_郭廷宇,32,翼变体飞机多学科总体设计方法；第二部分是单-双折叠翼变体飞行器的原理,1,7,0.95,建议抽样复核
SE0475,多学科耦合设计,专业概念,,估、气动布局方案优化、多学科耦合设计等方面的关键技术难点，重点对变体飞行器动态气动力计算方法和气动优化设,D6_变体飞行器变形方式及气动布局设计关键技术研究进展,1,估、气动布局方案优化、多学科耦合设计等方面的关键技术难点，重点对变体飞行器动态气动力计算方法和气动优化设,1,1,0.9,建议抽样复核
SE0476,平面形状设计,专业概念,,展了适用于单-双折叠翼变体飞行器的飞机总体参数拟定方法和平面形状设计方,D4_单-双折叠翼变体飞行器总体设计研究_郭廷宇,5,展了适用于单-双折叠翼变体飞行器的飞机总体参数拟定方法和平面形状设计方,1,1,0.9,建议抽样复核
SE0477,总体参数拟定,专业概念,,展了适用于单-双折叠翼变体飞行器的飞机总体参数拟定方法和平面形状设计方,D4_单-双折叠翼变体飞行器总体设计研究_郭廷宇,5,展了适用于单-双折叠翼变体飞行器的飞机总体参数拟定方法和平面形状设计方,1,9,0.95,建议抽样复核
SE0478,总体设计,专业概念,,总体设计层面的代价也将十分突出明显。,D1_空天变构飞行技术研究现状与未来发展研判_刘思佳,1,总体设计层面的代价也将十分突出明显。,1,20,0.95,建议抽样复核
SE0479,概念设计,专业概念,,本文所研究的空天飞行器概念设计阶段基础外,D3_跨域变构飞行器变形方案设计及气动特性分析_安英韬,2,本文所研究的空天飞行器概念设计阶段基础外,1,6,0.95,建议抽样复核
SE0480,经济性,专业概念,,经济性消耗愈发受到重视的现代社会，变构技术当前,D1_空天变构飞行技术研究现状与未来发展研判_刘思佳,4,经济性消耗愈发受到重视的现代社会，变构技术当前,1,3,0.95,建议抽样复核
SE0481,荷兰滚模态判据,专业概念,,向稳定性的荷兰滚模态判据。可以看出，无论是小,D3_跨域变构飞行器变形方案设计及气动特性分析_安英韬,6,向稳定性的荷兰滚模态判据。可以看出，无论是小,1,1,0.9,建议抽样复核
SE0482,设计规律,专业概念,,性，总结形成了单-双折叠翼变体飞行器的气动设计规律和设计准则；在动力学和,D4_单-双折叠翼变体飞行器总体设计研究_郭廷宇,5,性，总结形成了单-双折叠翼变体飞行器的气动设计规律和设计准则；在动力学和,1,20,0.95,建议抽样复核
SE0483,阵面推进法,专业概念,,2024年中国航天大会论文集SpaceLiner飞行器为代表下一代空天飞行器概念，可以解决民航客机远距离客运飞行时间过长的问题，其远距离水平滑翔降落的特点充分节省了燃料，但是在高空段由于其大曲率的端头…,D3_跨域变构飞行器变形方案设计及气动特性分析_安英韬,2,2024 年中国航天大会论文集 SpaceLiner飞行器为代表下一代空天飞行器概念，可 以解决民航客机远距离客运飞行时间过长的问题， 其远距离水平滑翔降落的特点充分节省了燃料，但 是在高空段由于其大曲率的端头和展开翼的存在会 面临较大的防热压力。 传统飞行器性能提升面临天花板，变形飞行器 利用新的技术途径，可显著提升飞行性能、拓展任 务剖面，意义重大且发展潜力突出[10]。由此，笔者 提出了一种可变构型的空天飞行器设计方案，通过,1,1,0.9,建议抽样复核
SE0484,降噪减阻,专业概念,,达到降噪减阻的目的。项目中设计的自适应后缘,D6_变体飞行器变形方式及气动布局设计关键技术研究进展,4,达到降噪减阻的目的。项目中设计的自适应后缘,1,2,0.9,建议抽样复核
SE0485,隐身能力,专业概念,,高隐身能力等。此外，由于采用变前掠和折叠机,D6_变体飞行器变形方式及气动布局设计关键技术研究进展,30,高隐身能力等。此外，由于采用变前掠和折叠机,1,1,0.9,建议抽样复核
SE0486,非稳态流动,专业概念,,布局设计出发解决动态变体过程中非稳态流动,D6_变体飞行器变形方式及气动布局设计关键技术研究进展,29,布局设计出发解决动态变体过程中非稳态流动,1,3,0.95,建议抽样复核
